width_mult,bit_width,approx_flops,approx_params,flops_per_speed,cpu_pct,mem_available_mb,thermal_c,device_speed_score,cpu_cores,ram_gb,has_cuda,avg_latency_ms,latency_ms,std_latency_ms,latency_p50_ms,latency_p95_ms,latency_p99_ms,cold_latency_p50_ms,cold_latency_p95_ms,cold_latency_p99_ms,max_latency_ms,min_latency_ms,thread_count
0.25,4,62500.0,6250.0,1.4474999867767715,15.0,1024.0,45.0,43177.89331326504,4,8.362713088,1.0,27.386032499198336,27.386032499198336,9.994431434724211,24.56065001024399,36.146194982575246,49.74849498277716,32.724049990065396,87.44523500790812,111.4470470021479,131.89640000928193,23.439799988409504,1
0.25,8,62500.0,6250.0,1.4841666901096082,15.0,1024.0,45.0,42111.172832873825,4,8.362713088,1.0,28.893851499888115,28.893851499888115,5.6371560022537,26.61985000304412,40.52582499280105,44.26198600674976,25.343750006868504,32.260530001076404,32.50338599580573,52.288699982455,23.475299996789545,1
0.25,16,62500.0,6250.0,2.899791676706324,15.0,1024.0,45.0,21553.272430586978,4,8.362713088,1.0,26.349218497925904,26.349218497925904,4.128293362108888,24.789599992800504,36.095479989307925,42.6439939928241,25.433599992538802,37.28639998153084,38.729999983042944,49.34629998751916,23.304900008952245,1
0.25,32,62500.0,6250.0,1.4633333194069564,15.0,1024.0,45.0,42710.70655681462,4,8.362713088,1.0,12.20641349995276,12.20641349995276,4.306655410120401,10.228799990727566,21.23350002075312,26.24546397128142,10.75269999273587,24.247494994779107,27.4150989955524,33.53919999790378,8.694999996805564,1
0.5,4,250000.0,25000.0,8.749166590860114,15.0,1024.0,45.0,28574.150166618667,4,8.362713088,1.0,27.415975999902003,27.415975999902003,5.826166082476555,25.229750011931174,38.29258498735721,52.366525993857046,30.65279999282211,41.959700002917074,47.35106000502128,64.66539998655207,24.12520002690144,1
0.5,8,250000.0,25000.0,11.94750002468936,15.0,1024.0,45.0,20924.879638700826,4,8.362713088,1.0,28.76075650070561,28.76075650070561,7.047858195427642,25.813549989834428,40.131280025525484,43.8463469839189,27.59465000417549,48.97343999909934,53.50252800475573,98.6916999972891,24.322299985215068,1
0.5,16,250000.0,25000.0,5.565833271248266,15.0,1024.0,45.0,44916.90422913652,4,8.362713088,1.0,28.088707500864984,28.088707500864984,4.3214057108591115,26.24120000109542,37.32506501401074,42.777325988281504,28.88159999565687,45.87412500695789,53.19058499939274,44.76700001396239,24.462400004267693,1
0.5,32,250000.0,25000.0,5.806666740681975,15.0,1024.0,45.0,43053.96041561673,4,8.362713088,1.0,10.457387000642484,10.457387000642484,1.5967550909333714,9.961750009097159,13.976840020040981,15.924717001325915,11.055449998821132,14.985004998743532,15.827080998569727,16.35089999763295,8.669200004078448,1
0.75,4,562500.0,56250.0,24.585000028309878,15.0,1024.0,45.0,22879.80473265306,4,8.362713088,1.0,29.332505000202218,29.332505000202218,3.6674955453590425,28.138549998402596,38.74438001657836,44.34218100039288,28.22175000619609,47.04620500706368,48.53268099977868,45.5558999965433,26.22020000126213,1
0.75,8,562500.0,56250.0,14.634375111199915,15.0,1024.0,45.0,38436.89913138211,4,8.362713088,1.0,29.795970002160175,29.795970002160175,3.6072843444010703,28.572900002473034,36.621349988854476,43.519926010631025,29.39870000409428,40.69588000129441,45.38293600489851,45.03320000367239,26.154200022574514,1
0.75,16,562500.0,56250.0,14.308124809758738,15.0,1024.0,45.0,39313.32774063807,4,8.362713088,1.0,30.308528000023216,30.308528000023216,4.043733417514954,28.97619998839218,39.947664998180684,47.219699997513075,29.50089999649208,40.70182499272048,47.352284995431546,51.250899996375665,27.13280002353713,1
0.75,32,562500.0,56250.0,25.168125102936756,15.0,1024.0,45.0,22349.698187663744,4,8.362713088,1.0,11.01291749626398,11.01291749626398,1.1744751334712238,10.738500001025386,13.392129985732023,15.214466005563724,12.048300020978786,16.02534499252215,16.63082899292931,18.209899979410693,9.423099982086569,1
1.0,4,1000000.0,100000.0,44.65999954845756,15.0,1024.0,45.0,22391.401928138563,4,8.362713088,1.0,34.09799200060661,34.09799200060661,4.0880487885017525,32.55124999850523,43.699099992227275,49.87478599447057,34.29444998619147,43.235649989219375,45.910089985700324,56.46389999310486,30.357399984495714,1
1.0,8,1000000.0,100000.0,46.320000546984375,15.0,1024.0,45.0,21588.94620447288,4,8.362713088,1.0,34.55882450129138,34.55882450129138,4.25115838358105,32.971499997074716,42.23635498492512,53.726836990390396,35.838700001477264,41.08053499658126,42.70834700728301,59.934699995210394,30.653499998152256,1
1.0,16,1000000.0,100000.0,46.44000049059589,15.0,1024.0,45.0,21533.160840566747,4,8.362713088,1.0,34.79973650028114,34.79973650028114,4.377323660691792,33.284050005022436,46.16917998355348,51.197786999691736,33.87005001422949,41.86566001590108,43.470972012437414,52.6084000011906,30.639000004157424,1
1.0,32,1000000.0,100000.0,24.160000612027943,15.0,1024.0,45.0,41390.72742829959,4,8.362713088,1.0,11.07317149915616,11.07317149915616,1.239375357743986,10.645050002494827,13.48072498658439,14.893576975446189,12.17055000597611,15.345044995774515,15.453009000630118,15.82929998403415,9.509399998933077,1
