width_mult,bit_width,approx_flops,approx_params,flops_per_speed,cpu_pct,mem_available_mb,thermal_c,device_speed_score,cpu_cores,ram_gb,has_cuda,avg_latency_ms,latency_ms,std_latency_ms,latency_p50_ms,latency_p95_ms,latency_p99_ms,cold_latency_p50_ms,cold_latency_p95_ms,cold_latency_p99_ms,max_latency_ms,min_latency_ms,thread_count,warm_sample_count,warm_min_ms,warm_max_ms,cold_transition_sample_count,cold_transition_mean_ms,cold_transition_std_ms,cold_transition_min_ms,cold_transition_max_ms
0.25,4,62500.0,6250.0,1.2574999952145542,7.9,720.982016,81.0,49701.78945355485,4,8.362713088,1.0,28.872917501139455,28.872917501139455,4.6804410827258,27.062950015533715,41.07664000475779,43.78399899811482,34.171650011558086,46.37956501683219,56.03878597961737,49.01389998849481,24.53570003854111,1,200,24.53570003854111,49.01389998849481,150,35.41130733443424,6.988846117321869,24.809200025629252,83.12330004991964
0.25,8,62500.0,6250.0,1.2574999952145542,7.9,720.982016,81.0,49701.78945355485,4,8.362713088,1.0,29.378078999288846,29.378078999288846,8.207839798365526,27.33204999822192,38.00045001262331,44.7417449892963,33.31164998235181,48.25770499301142,61.7751370137557,126.79429998388514,24.72960000159219,1,200,24.72960000159219,126.79429998388514,150,35.1035546635588,7.4510527154817225,27.392900025006384,84.75680003175512
0.25,16,62500.0,6250.0,1.2574999952145542,7.9,720.982016,81.0,49701.78945355485,4,8.362713088,1.0,30.97987699933583,30.97987699933583,8.10379166070732,28.330399974947795,46.18718002457171,51.15525999630334,34.566050017019734,46.3832549721701,53.60329399409236,109.20840001199394,24.88050004467368,1,200,24.88050004467368,109.20840001199394,150,35.54751933241884,5.601631674963705,24.70740000717342,54.745999979786575
0.25,32,62500.0,6250.0,1.2574999952145542,7.9,720.982016,81.0,49701.78945355485,4,8.362713088,1.0,10.326811001286842,10.326811001286842,1.501798227653901,9.947099984856322,13.975050035514867,15.200010022963376,11.90620000124909,16.6741850116523,19.182146007078696,20.250200002919883,8.8675000006333,1,200,8.8675000006333,20.250200002919883,150,12.25578666625855,2.481221212276928,9.110599989071488,29.1830999776721
0.5,4,250000.0,25000.0,5.029999980858217,7.9,720.982016,81.0,49701.78945355485,4,8.362713088,1.0,29.678316001954954,29.678316001954954,6.440008162370605,27.642999979434535,39.52695995685644,47.16004394867923,33.544300007633865,46.16007503354922,52.39698599383694,98.48679997958243,25.520200026221573,1,200,25.520200026221573,98.48679997958243,150,34.73461999907158,5.7631613849886465,26.828000030945987,62.51790001988411
0.5,8,250000.0,25000.0,5.029999980858217,7.9,720.982016,81.0,49701.78945355485,4,8.362713088,1.0,29.169814501947258,29.169814501947258,3.9632031577059332,27.822199976071715,37.994765015901045,43.47638398699927,33.54904998559505,46.58371500263453,53.36910000245551,49.53040002146736,25.357200007420033,1,200,25.357200007420033,49.53040002146736,150,34.63239266886376,5.6505212192509875,25.210299994796515,55.8920000330545
0.5,16,250000.0,25000.0,5.029999980858217,7.9,720.982016,81.0,49701.78945355485,4,8.362713088,1.0,30.58099249814404,30.58099249814404,7.2625898486359155,28.130499995313585,40.962569997645915,52.58715601405125,33.71945000253618,43.4813900181325,53.80052499880546,100.36690003471449,24.66110000386834,1,200,24.66110000386834,100.36690003471449,150,34.48937400166566,5.218917027501982,25.983200001064688,59.72479999763891
0.5,32,250000.0,25000.0,5.029999980858217,7.9,720.982016,81.0,49701.78945355485,4,8.362713088,1.0,10.6721945037134,10.6721945037134,1.6794598440558763,10.221200005616993,14.526595050119793,17.464852972188964,12.31670001288876,16.28624499135185,17.477288006921295,18.294600013177842,9.004299994558096,1,200,9.004299994558096,18.294600013177842,150,12.266512662172318,1.993639154789582,9.024100028909743,18.803599989041686
0.75,4,562500.0,56250.0,11.317499956930988,7.9,720.982016,81.0,49701.78945355485,4,8.362713088,1.0,31.545704503078014,31.545704503078014,7.7326799279291185,29.51379999285564,39.456384995719404,46.782565033645355,33.12035000999458,42.704470004537114,63.83059297455458,124.30690001929179,26.83749998686835,1,200,26.83749998686835,124.30690001929179,150,34.43264000195389,8.517738353662926,27.472299989312887,115.37429998861626
0.75,8,562500.0,56250.0,11.317499956930988,7.9,720.982016,81.0,49701.78945355485,4,8.362713088,1.0,31.8662069979473,31.8662069979473,4.615303495200921,30.22085002157837,42.65451499086338,49.594017019844614,33.67214999161661,45.16716503130738,54.005643972195664,53.55429998598993,26.599699980579317,1,200,26.599699980579317,53.55429998598993,150,35.10587533470243,5.482933268772224,27.90920005645603,56.11429997952655
0.75,16,562500.0,56250.0,11.317499956930988,7.9,720.982016,81.0,49701.78945355485,4,8.362713088,1.0,32.87579850119073,32.87579850119073,5.888035026513442,31.037300010211766,42.51904498669319,53.77637399709772,34.106750012142584,45.1062949723564,54.20414198597421,71.62110001081601,27.05390000483021,1,200,27.05390000483021,71.62110001081601,150,35.199829999667905,5.581120475818733,27.11789996828884,60.72240002686158
0.75,32,562500.0,56250.0,11.317499956930988,7.9,720.982016,81.0,49701.78945355485,4,8.362713088,1.0,11.658232997870073,11.658232997870073,1.7878745980820665,11.373699991963804,15.32675994967576,17.51110399141907,12.44615000905469,16.70164997631218,19.919086994486843,22.19580003293231,9.37409995822236,1,200,9.37409995822236,22.19580003293231,150,12.535853998657936,2.140259936930128,9.40380000974983,22.34239998506382
1.0,4,1000000.0,100000.0,20.119999923432868,7.9,720.982016,81.0,49701.78945355485,4,8.362713088,1.0,36.18074200116098,36.18074200116098,4.304103975115108,35.062150011071935,45.536820008419454,49.6053869690513,37.04440000001341,48.90181999653578,54.24002303509038,53.166500001680106,29.90030002547428,1,200,29.90030002547428,53.166500001680106,150,37.911154001485556,4.9627675216901865,30.136400018818676,61.007600044831634
1.0,8,1000000.0,100000.0,20.119999923432868,7.9,720.982016,81.0,49701.78945355485,4,8.362713088,1.0,36.59997500188183,36.59997500188183,5.9427258072677,35.40490003069863,45.779290021164336,55.480798993375956,36.114649992669,47.730379973654614,51.756509994738714,85.88450000388548,30.53879999788478,1,200,30.53879999788478,85.88450000388548,150,37.394354000377156,4.77308286157343,30.457100016064942,53.3601000206545
1.0,16,1000000.0,100000.0,20.119999923432868,7.9,720.982016,81.0,49701.78945355485,4,8.362713088,1.0,37.366524001408834,37.366524001408834,4.993159389020499,35.8424500154797,47.60169997171033,51.16727004526179,36.17545001907274,45.40971499809529,50.72157999966292,58.464900008402765,30.49150004517287,1,200,30.49150004517287,58.464900008402765,150,36.965099332931764,4.053163522539618,30.733399966266006,56.16859998553991
1.0,32,1000000.0,100000.0,20.119999923432868,7.9,720.982016,81.0,49701.78945355485,4,8.362713088,1.0,11.99819400004344,11.99819400004344,2.973008039388745,11.640349985100329,15.278270017006433,19.12834399670814,11.739249981474131,15.923364995978773,17.88680698373355,36.144199955742806,9.16369998594746,1,200,9.16369998594746,36.144199955742806,150,11.99924266547896,1.9370638804838656,8.986199973151088,19.320499966852367
