from_width_mult,from_bit_width,to_width_mult,to_bit_width,phase,sample_count,mean_ms,std_ms,median_ms,p95_ms,p99_ms,min_ms,max_ms
0.25,32,1.0,4,first,10,35.1047899981495,4.657363456103544,32.95714998967014,42.964924991247244,44.18442499416415,31.1255999840796,44.48929999489337
0.25,32,1.0,4,warm,10,34.571059996960685,3.811945906737089,32.781949965283275,40.985680019366555,41.41537604329642,31.06050001224503,41.522800049278885
0.75,4,0.25,16,first,10,29.650949995266274,2.0894512657254976,28.87994999764487,33.18615000171121,34.21754999726545,27.35930000199005,34.47539999615401
0.75,4,0.25,16,warm,10,29.57320000277832,3.36995164937399,28.23574998183176,35.709350026445456,37.246910041430965,27.280600043013692,37.63130004517734
0.25,16,0.5,16,first,10,32.02980001224205,5.1243617803711405,29.02010001707822,40.551900022546754,41.92710003757384,27.83180004917085,42.270900041330606
0.25,16,0.5,16,warm,10,31.24108999618329,4.373930906732017,29.627649986650795,38.41506498574744,41.38805297145154,28.109300008509308,42.13129996787757
0.5,4,0.25,8,first,10,30.294519994640723,4.599398334484223,28.561249986523762,38.16240000596735,41.55648001295049,27.383600012399256,42.40500001469627
0.5,4,0.25,8,warm,10,31.112629995914176,4.892659254072394,28.621349978493527,39.536344978841946,40.902148964232765,26.74140001181513,41.24359996058047
0.25,4,1.0,32,first,10,11.294419993646443,1.7742131266630021,10.376949998317286,14.485849998891352,14.867809973657131,10.06149995373562,14.963299967348576
0.25,4,1.0,32,warm,10,11.149829992791638,1.0756934213574547,11.172200000146404,12.81667499570176,13.019894992467016,9.348499996121973,13.07069999165833
0.5,8,0.5,16,first,10,32.25118999835104,4.16655103848554,31.100899999728426,38.418885023565956,39.70649702125229,27.838199981488287,40.02840002067387
0.5,8,0.5,16,warm,10,30.121010006405413,1.6549638001865963,29.416700039291754,32.96306498523336,33.83365297166165,28.754399972967803,34.05129996826872
0.75,4,0.25,4,first,10,32.461470004636794,4.04499878431822,31.53760000714101,38.66188498795964,39.80765699525364,26.90429997164756,40.09409999707714
0.75,4,0.25,4,warm,10,36.795260006329045,11.182572983636584,33.98189999279566,55.74723001627715,63.27864601102192,26.76209999481216,65.1615000097081
1.0,8,0.25,8,first,10,31.645350001053885,3.684132781471135,30.71819999604486,37.0466150197899,37.182443027268164,27.108600013889372,37.21640002913773
1.0,8,0.25,8,warm,10,31.22980001498945,4.511223434341045,29.710950009757653,38.54947500512935,39.09253503312357,25.801900017540902,39.22830004012212
0.25,4,1.0,16,first,10,35.262629989301786,4.384758976052749,32.967799983453006,42.95464499446097,44.97492897615302,32.255199970677495,45.479999971576035
0.25,4,1.0,16,warm,10,33.456849987851456,2.979359148181609,32.579599966993555,38.175854992005036,40.90757098456379,31.251100008375943,41.59049998270348
0.25,32,0.75,16,first,10,33.33596000447869,4.966249382774464,31.545050005661324,42.062840011203654,43.4001680102665,28.868100023828447,43.73450001003221
0.25,32,0.75,16,warm,10,32.47704999521375,3.314348247245868,31.075150007382035,37.08148000296205,37.237576018087566,28.185000002849847,37.276600021868944
0.5,8,0.25,4,first,10,31.906759995035827,5.620567593065323,29.596149979624897,41.241804976016276,43.028520960360765,26.7693999921903,43.475199956446886
0.5,8,0.25,4,warm,10,33.18055999116041,5.457550684398923,31.52925000176765,40.59865499730222,41.533970994642004,27.946699992753565,41.76779999397695
1.0,32,0.5,32,first,10,12.489170004846528,3.621227820932514,11.009650013875216,19.056484999600798,19.382897012401372,9.50010004453361,19.464500015601516
1.0,32,0.5,32,warm,10,12.251849996391684,3.049067601366548,11.303150007734075,17.17533999471925,18.324027982307598,9.202699991874397,18.611199979204684
0.5,16,1.0,32,first,10,10.098100011236966,0.4781745698050885,10.073100012959912,10.808780012303032,10.930315994773991,9.308200038503855,10.960699990391731
0.5,16,1.0,32,warm,10,10.656800004653633,1.258029578371972,10.140700032934546,12.853300015558487,13.274500016705133,9.611899964511395,13.379800016991794
0.25,16,0.25,32,first,10,11.768530012341216,2.0824824068961676,11.002850020304322,14.928340012556873,15.045268001849763,9.50009998632595,15.074499999172986
0.25,16,0.25,32,warm,10,10.980710003059357,1.6263219824552417,10.46010002028197,13.746244992944408,14.727568984380923,9.492199984379113,14.972899982240051
0.75,32,1.0,8,first,10,33.895809995010495,2.3451429145636786,32.78149999096058,37.88311999524012,38.203664005268365,32.02230000169948,38.283800007775426
0.75,32,1.0,8,warm,10,34.007949993247166,4.6354444725252995,32.8383999876678,40.84406998590565,45.869453988270834,31.71080001629889,47.12579998886213
0.5,32,0.5,4,first,10,34.272660000715405,8.821723321064212,29.163649975089356,48.743979990831576,49.19023597321939,28.23190001072362,49.30179996881634
0.5,32,0.5,4,warm,10,31.557070009876043,6.478577496729734,29.513350018532947,41.46479001210535,48.098798004793935,27.784999983850867,49.757300002966076
0.5,8,0.5,32,first,10,11.926629988010973,2.1137452288175584,10.914699989371002,15.53258998901583,15.865877970354632,10.052500001620501,15.949199965689331
0.5,8,0.5,32,warm,10,11.553219991037622,2.3646194347383522,10.467550018802285,15.614169984473845,16.29219397145789,9.39800002379343,16.461699968203902
0.25,4,0.5,16,first,10,31.935239996528253,5.073730974425204,29.934549995232373,40.15948500600643,42.600536985555664,27.04379998613149,43.21079998044297
0.25,4,0.5,16,warm,10,30.550659995060414,3.6041055110519506,28.66524999262765,36.969595003756694,37.00519900245126,27.897600026335567,37.014100002124906
0.5,4,1.0,32,first,10,10.320650011999533,0.529937077281582,10.277650028001517,11.088100005872548,11.218419992364943,9.575200034305453,11.250999988988042
0.5,4,1.0,32,warm,10,10.002809995785356,0.4823711142163126,9.893700014799833,10.596154976519756,10.59619095583912,9.291499969549477,10.59619995066896
0.75,4,0.5,16,first,10,28.97956000524573,0.5270142905826711,28.971700026886538,29.698845019447617,29.877369016758166,28.23920000810176,29.922000016085804
0.75,4,0.5,16,warm,10,32.57894999696873,6.138145201584831,30.054549977649003,43.36953501333482,45.859187027672306,27.20800001407042,46.481600031256676
1.0,32,0.75,4,first,10,31.2705599993933,2.630354368750817,30.471950012724847,35.45098998874891,37.444597976864316,29.29279999807477,37.942999973893166
1.0,32,0.75,4,warm,10,31.828559999121353,4.983708272134983,29.625799972563982,40.40840498346369,43.591200974187814,28.214999998454005,44.38689997186884
1.0,16,0.5,16,first,10,29.879459989024326,3.4126135645546123,28.570399997988716,36.03123497159685,37.594966955366544,27.36359997652471,37.985899951308966
1.0,16,0.5,16,warm,10,31.045530003029853,4.479806440865809,29.833300010068342,39.245140019920655,39.302308015176095,27.44540001731366,39.316600013989955
0.75,8,0.25,16,first,10,32.44614998693578,5.36893757425371,30.558349972125143,41.03835496061946,44.815510950866155,27.834000007715076,45.759799948427826
0.75,8,0.25,16,warm,10,30.680710007436574,3.370636287024282,29.804199992213398,36.24734503100626,37.08394903107546,27.340700034983456,37.29310003109276
0.5,4,0.25,4,first,10,28.686150000430644,0.9074783300107752,28.32924999529496,30.206155011546798,30.688591017969884,27.707799978088588,30.809200019575655
0.5,4,0.25,4,warm,10,31.568059988785535,6.067295154457164,29.13849998731166,42.69706499180756,46.08693298767321,28.151599981356412,46.93439998663962
0.75,16,1.0,8,first,10,36.1499099934008,4.3056703716517735,34.32330000214279,43.35733001644257,45.99994600110222,32.41619997425005,46.66059999726713
0.75,16,1.0,8,warm,10,43.660730007104576,30.152575257317807,34.345699968980625,87.8574299858882,121.06476596090944,31.658300023991615,129.3665999546647
0.5,32,0.75,4,first,10,33.095879992470145,5.929858036306774,30.64894999261014,42.96971000148914,46.05786200496368,28.05000002263114,46.829900005832314
0.5,32,0.75,4,warm,10,32.47625999501906,4.311031540465465,30.111700005363673,39.83170999563299,40.972982010571286,28.841499995905906,41.25830001430586
0.5,32,1.0,16,first,10,33.50059000076726,1.494927301208172,33.0746500112582,35.98558498779312,36.463196978438646,31.77890001097694,36.58259997610003
0.5,32,1.0,16,warm,10,33.78966000163928,2.237286388437758,33.03464996861294,37.354190010228194,37.457078018342145,31.208899978082627,37.48280002037063
0.5,16,1.0,16,first,10,36.58527999650687,4.930843952093788,34.0736499929335,45.480500007397495,45.6425000046147,32.535100006498396,45.683000003919005
0.5,16,1.0,16,warm,10,34.35435999999754,5.1634524020544745,32.78765000868589,42.06271500152069,47.563983002328314,31.47079999325797,48.93930000253022
0.5,16,1.0,8,first,10,36.70239000348374,5.330456349988778,34.09435000503436,46.03277501591947,46.809115039068274,32.47179999016225,47.003200044855475
0.5,16,1.0,8,warm,10,34.49467999744229,3.2432453169364246,32.710750005207956,40.282395016402006,41.23239899985492,32.160300004761666,41.46989999571815
0.5,32,0.25,32,first,10,11.991870001656935,2.567775625068179,11.081949982326478,16.550615013693456,18.218602995038964,10.211900051217526,18.63559999037534
0.5,32,0.25,32,warm,10,11.728859995491803,1.9364432008412233,11.063050013035536,15.26739495748188,16.173478962737136,10.092399956192821,16.39999996405095
0.5,16,1.0,4,first,10,36.42549999640323,4.406531555331181,34.524349990533665,43.89890503080096,43.93386102456134,32.744299969635904,43.94260002300143
0.5,16,1.0,4,warm,10,35.051369993016124,4.811945163142555,33.137449994683266,43.367709984886446,46.833141990355216,31.790199980605394,47.699499991722405
1.0,32,0.75,32,first,10,10.963940009241924,1.4918961981549825,10.589949990389869,13.216565019683909,14.738033037865534,9.98920004349202,15.11840004241094
1.0,32,0.75,32,warm,10,11.854709993349388,2.1163350913519055,11.232949997065589,15.234314987901593,17.11182299302891,10.20680001238361,17.581199994310737
0.25,16,0.75,16,first,10,36.079449992394075,5.629133175092401,35.01900000264868,45.38693997601512,47.16274798207451,29.074399964883924,47.60669998358935
0.25,16,0.75,16,warm,10,38.574439991498366,7.698955902733661,39.76819998933934,49.03744499024469,50.610609003924765,28.83039996959269,51.00390000734478
0.75,16,0.5,4,first,10,31.742459995439276,3.8433430780341222,29.803449986502528,38.77339000755455,39.352917998912744,28.651900007389486,39.49779999675229
0.75,16,0.5,4,warm,10,33.27220000210218,4.343140990610667,31.973350007319823,40.28304996609222,41.15100997441914,28.749299992341548,41.36799997650087
0.5,8,1.0,16,first,10,35.100249998504296,3.5641405138705786,34.047799999825656,41.272674981155426,43.858374993433245,32.04670001287013,44.5047999965027
0.5,8,1.0,16,warm,10,38.8440000009723,10.306821983086184,34.67004999401979,58.15926500654313,59.456813017022796,31.606600037775934,59.78120001964271
0.75,32,0.25,32,first,10,10.987560002831742,1.830478986803509,10.430199996335432,13.774300014483737,15.656380033469759,9.938100003637373,16.126900038216263
0.75,32,0.25,32,warm,10,10.747299995273352,0.6887771581045133,10.628849995555356,11.780810027266853,12.065282035036944,10.008000012021512,12.136400036979467
0.5,8,0.5,4,first,10,33.923500002129,6.589733853753327,31.577050016494468,45.601969983545125,47.98207398096565,27.830999984871596,48.57709998032078
0.5,8,0.5,4,warm,10,33.380689995829016,7.016322447061514,31.865199998719618,44.571619993075714,49.513123985379934,26.65429998887703,50.748499983455986
1.0,4,1.0,8,first,10,35.012279998045415,4.09820855163901,33.33715000189841,42.753929979517125,43.01694599154871,32.27480000350624,43.082699994556606
1.0,4,1.0,8,warm,10,34.30584000889212,4.4631501084552205,32.78349997708574,41.78512503276578,45.561345036840066,31.601700000464916,46.505400037858635
0.5,4,0.25,16,first,10,31.908609997481108,5.376201353824876,29.17375002289191,41.614944994216785,42.38890902022831,27.57999999448657,42.58240002673119
0.5,4,0.25,16,warm,10,31.81636999361217,4.162504393178869,30.059049982810393,37.73570499033667,37.88082100567408,26.777399994898587,37.91710000950843
0.25,16,1.0,16,first,10,34.283159993356094,1.6351441265814375,34.116749971872196,36.79208501125686,37.77513703680597,32.42539998609573,38.02090004319325
0.25,16,1.0,16,warm,10,37.19890001229942,5.070468199665713,35.21065000677481,46.13918503164314,46.590877034468576,31.68250003363937,46.703800035174936
1.0,16,1.0,4,first,10,36.204249993897974,7.482848547386654,33.828050043666735,48.242619971279034,55.08708395296708,31.827299972064793,56.79819994838908
1.0,16,1.0,4,warm,10,33.153219998348504,0.8156393293608056,32.85579997464083,34.45799500332214,34.655598999233916,32.154499960597605,34.70499999821186
0.5,4,0.75,32,first,10,14.307419990655035,7.227653474811377,11.458799970569089,26.58162999141494,32.578005990362726,10.376499965786934,34.07709999009967
0.5,4,0.75,32,warm,10,13.015799992717803,3.177464224943649,12.057349988026544,18.25384997937362,20.16868999635335,10.093799966853112,20.64740000059828
0.25,32,1.0,8,first,10,35.958740004571155,5.80326047378549,33.178199984831735,46.47742001689039,46.95420400123112,31.242099998053163,47.0733999973163
0.25,32,1.0,8,warm,10,34.445110004162416,2.6018983079319864,33.328849996905774,38.68924500420689,40.182489017024636,32.42160001536831,40.55580002022907
0.25,8,1.0,16,first,10,33.022539992816746,1.0286668932320555,32.85489996778779,34.58108501508832,35.43165699578822,31.68539999751374,35.64429999096319
0.25,8,1.0,16,warm,10,35.188280016882345,4.244234067848665,33.61045001656748,42.83722998807206,44.929045990575105,31.682300032116473,45.451999991200864
1.0,32,0.5,4,first,10,32.407220016466454,4.921456365887204,30.654550006147474,40.33874998567625,43.32278999267146,28.214700054377317,44.06879999442026
1.0,32,0.5,4,warm,10,31.751900009112433,2.6304581459034084,31.554500019410625,35.20958001317922,35.77463602006901,27.865300013218075,35.91590002179146
1.0,16,0.25,16,first,10,30.559589999029413,4.545996419028454,28.915199975017458,38.64587499992921,41.75717501202598,28.066500031854957,42.53500001505017
1.0,16,0.25,16,warm,10,30.716680007753894,3.6127528758188436,29.317100008483976,36.50933000317308,39.45146600541193,27.688900008797646,40.18700000597164
0.5,8,0.25,32,first,10,11.773969989735633,1.3772981530442021,11.730349971912801,13.73228498850949,14.1486969741527,9.730599995236844,14.252799970563501
0.5,8,0.25,32,warm,10,10.705119994236156,0.6614627922627797,10.55039998027496,11.684825000702403,11.686804994824342,10.042799985967577,11.687299993354827
0.75,8,0.5,8,first,10,33.318589988630265,6.031029665468375,29.90759999374859,43.41737498471047,46.360914997640066,28.416099958121777,47.09680000087246
0.75,8,0.5,8,warm,10,32.170810003299266,2.60925049073278,32.2493500134442,35.47480498091318,36.07856096816249,28.72410003328696,36.22949996497482
0.5,4,1.0,8,first,10,34.67953999643214,3.0845757023027787,33.720700012054294,39.96871497947722,41.34078299161047,31.339699984528124,41.68379999464378
0.5,4,1.0,8,warm,10,34.843760007061064,2.768956571505223,34.04260001843795,39.66736002475954,41.52395203826018,32.66529995016754,41.988100041635334
0.25,4,0.75,16,first,10,36.27452999353409,6.297365501187397,35.3208500018809,44.22868498659227,45.358616978046484,29.15060002123937,45.64109997591004
0.25,4,0.75,16,warm,10,33.41625998727977,4.18510461614519,30.74264997849241,39.20077997318003,39.53399597492535,29.18790001422167,39.617299975361675
0.25,4,0.5,8,first,10,31.664050003746524,2.4534022152357013,32.09225001046434,34.6511950076092,34.91359899402596,28.500700020231307,34.97919999063015
0.25,4,0.5,8,warm,10,32.09089999436401,5.481812221517107,29.8352999961935,41.75322000810411,41.88296401116531,26.364499994087964,41.915400011930615
1.0,8,0.5,8,first,10,34.47150001884438,7.7832859744470735,29.744250001385808,46.89454001781996,47.04890804074239,27.8377000358887,47.087500046473
1.0,8,0.5,8,warm,10,32.44403999997303,5.293584794962109,29.5555499906186,40.39612499473151,40.8380249858601,27.45410002535209,40.94849998364225
1.0,8,1.0,4,first,10,36.0582799941767,4.405729112822138,33.217649994185194,43.08733000070788,43.556266009109095,32.00680000009015,43.6735000112094
1.0,8,1.0,4,warm,10,34.05124000273645,2.035086817196047,33.360599976731464,37.32103002839722,38.461726038949564,31.86630003619939,38.74690004158765
1.0,4,1.0,32,first,10,10.671899985754862,0.9491841652463865,10.443449980812147,12.293774986756034,12.456674990826286,9.481399960350245,12.49739999184385
1.0,4,1.0,32,warm,10,10.896230005891994,1.3985240210448375,10.323300026357174,12.98566498735454,13.172252962249331,9.330300032161176,13.21889995597303
0.75,16,1.0,4,first,10,41.6086399985943,6.924526762428935,39.63374998420477,52.581135011860155,57.0255870121764,34.38610001467168,58.13670001225546
0.75,16,1.0,4,warm,10,40.81285000429489,4.833574637306206,40.66145000979304,47.84211501537356,50.19410300825257,35.48109997063875,50.78210000647232
0.25,16,0.5,8,first,10,31.176319991936907,3.2297056049330854,29.688649985473603,36.72936999355442,38.10003399499692,28.171600017230958,38.44269999535754
0.25,16,0.5,8,warm,10,31.71317999367602,3.069601339855838,30.488049989799038,36.76875998498872,36.83543198974803,28.48410001024604,36.85209999093786
0.5,16,0.75,4,first,10,34.579779993509874,6.75161729768604,31.797699979506433,45.85901999962515,50.101403990993276,29.01860000565648,51.161999988835305
0.5,16,0.75,4,warm,10,31.58477998804301,1.2796357650722658,31.651850003981963,33.561024980735965,33.953964976244606,29.98459996888414,34.052199975121766
1.0,32,0.25,4,first,10,35.3737200028263,6.859398569602108,32.261400017887354,45.62205003167037,45.95361002080608,28.803299996070564,46.03650001809001
1.0,32,0.25,4,warm,10,40.97655999357812,24.734163897674303,31.07304996228777,81.97910997841967,103.77862198802178,28.832400043029338,109.22849999042228
1.0,4,0.25,4,first,10,32.87160999607295,6.355297505763508,29.838150017894804,43.24536999920382,47.10507396841422,27.86719996947795,48.069999960716814
1.0,4,0.25,4,warm,10,32.27078000199981,5.308415436949966,29.980649997014552,42.088420034269795,43.451524041011,28.14599999692291,43.7923000426963
0.75,8,0.5,4,first,10,31.942719995277002,2.72977376760902,31.621199974324554,35.420379968127236,35.70175597327761,28.456099971663207,35.77209997456521
0.75,8,0.5,4,warm,10,30.882980005117133,4.5663926181304815,29.323549999389797,38.19108001189305,42.53037602873519,28.60690001398325,43.61520003294572
0.75,32,1.0,32,first,10,10.878219996811822,1.5188667673993514,10.544400021899492,13.271239967434667,13.390327973174863,9.208099974785,13.420099974609911
0.75,32,1.0,32,warm,10,10.98533000331372,2.524074838203824,9.976649977033958,15.13742501556407,17.201485037221573,9.279900055844337,17.717500042635947
1.0,32,0.5,8,first,10,33.66619001026265,4.947567882443123,31.52615000726655,41.6178900108207,42.11893801228143,28.73150003142655,42.244200012646616
1.0,32,0.5,8,warm,10,33.18807998439297,4.981018352272975,30.272799980593845,40.64687497157138,41.04305494984146,28.90590002061799,41.14209994440898
0.75,32,0.75,16,first,10,32.10446999873966,4.608366579094353,30.515799968270585,39.99524503888095,43.5656890476821,28.87509996071458,44.45830004988238
0.75,32,0.75,16,warm,10,32.042040006490424,4.295930226182301,30.491099983919412,40.03862501413095,41.79740501625929,29.272500018123537,42.23710001679137
0.25,4,0.75,4,first,10,32.488579995697364,3.591459751547247,31.536999973468482,38.4753449819982,40.814588982611895,29.060599976219237,41.39939998276532
0.25,4,0.75,4,warm,10,32.40928000304848,3.0797269883380203,31.588899990310892,37.706949998391785,39.17394997901283,29.2333000106737,39.54069997416809
0.25,8,0.25,16,first,10,32.885569985955954,3.5015398465846728,33.35464996052906,36.47310499509331,36.52102100371849,28.582400002051145,36.53300000587478
0.25,8,0.25,16,warm,10,33.03958998876624,4.736195075832416,30.729599966434762,40.86033999046776,42.2833479923429,28.78320001764223,42.63909999281168
1.0,8,0.75,8,first,10,31.6315800009761,2.7987955343336863,30.30524996574968,36.891950012068264,37.51655001135077,29.796199989505112,37.6727000111714
1.0,8,0.75,8,warm,10,31.371750019025058,5.234156588340939,30.20379997906275,39.100045023951665,44.63392904261127,27.71640004357323,46.01740004727617
1.0,8,0.25,4,first,10,32.01656998717226,3.831704040760145,30.72904999135062,38.12727997137699,38.768655972671695,28.086300007998943,38.92899997299537
1.0,8,0.25,4,warm,10,31.81358000729233,2.829354440214025,31.07660001842305,35.97508998645935,36.90237798553426,28.49290001904592,37.134199985302985
0.5,32,0.75,32,first,10,12.374990002717823,2.1336420610749744,11.772300000302494,15.424490001169032,15.767137990915217,9.68380004633218,15.852799988351762
0.5,32,0.75,32,warm,10,11.817140009952709,1.6109005167461445,11.413599975639954,14.164755021920428,14.470070999814197,9.798599989153445,14.54639999428764
0.5,4,0.75,4,first,10,31.126980000408366,2.704916875488903,30.82985000219196,35.214280014042735,37.68229601031635,28.68689998285845,38.29930000938475
0.5,4,0.75,4,warm,10,35.33091000863351,7.8526169762836675,31.32860001642257,48.73660001612733,50.20828001142945,28.546600020490587,50.57620001025498
0.25,8,0.25,32,first,10,11.524990008911118,2.2445656559686586,10.464849998243153,15.114665025612336,16.041413041530177,9.29270003689453,16.273100045509636
0.25,8,0.25,32,warm,10,11.687680007889867,3.2407443098054185,11.149250000016764,16.864305021590546,19.739661018247716,9.14899999042973,20.458500017412007
1.0,4,0.25,16,first,10,33.96596999373287,8.590539242032568,29.229349980596453,47.69528501201421,48.63585700746626,26.758800027891994,48.87100000632927
1.0,4,0.25,16,warm,10,35.14513001427986,6.785908215076804,33.4685500129126,46.02021001628599,47.500602015061304,27.026300027500838,47.87070001475513
0.25,8,0.75,16,first,10,33.31049000262283,5.491003779048971,31.029050005599856,42.154570008278824,43.245873998967,28.571499977260828,43.51869999663904
0.25,8,0.75,16,warm,10,33.03773000370711,5.891727713733494,30.93139998964034,43.65660498442594,44.852200972964056,27.602699992712587,45.151099970098585
1.0,4,0.25,8,first,10,32.02122999355197,5.918077612272151,29.201700002886355,42.1253099804744,46.528901983983815,28.390899999067187,47.629799984861165
1.0,4,0.25,8,warm,10,29.98735000146553,1.961896980195542,30.649400025140494,32.33763498137705,32.75368696427904,26.759699976537377,32.85769996000454
0.75,16,0.25,8,first,10,36.86052999692038,9.93368526699993,31.20644998853095,52.73348499613347,57.245977011625655,29.154599993489683,58.3741000154987
0.75,16,0.25,8,warm,10,33.79904999746941,6.660467359458324,33.17460001562722,44.0966299822321,49.62068598892074,27.297499997075647,51.0016999905929
0.75,32,0.75,4,first,10,33.512889995472506,3.7167372696647893,33.01150002516806,39.799765002680935,41.31187303340994,29.26469995873049,41.68990004109219
0.75,32,0.75,4,warm,10,32.00494000338949,3.1972796048726764,31.101300031878054,37.213205001899034,38.840801010956056,27.77250000508502,39.24770001322031
1.0,4,0.5,16,first,10,29.81896999408491,2.1663682066695737,29.541500029154122,33.25296999537385,34.91019399953075,27.227099984884262,35.32450000056997
1.0,4,0.5,16,warm,10,32.0197900000494,8.357857087188595,29.136400000425056,44.986900009098434,53.483620019978844,28.24549999786541,55.60780002269894
0.5,16,0.25,16,first,10,32.53941998700611,4.946183828785772,30.302049999590963,39.83838498243131,39.93871699203737,27.48389996122569,39.96379999443889
0.5,16,0.25,16,warm,10,34.42466998822056,5.351186409053756,33.747949986718595,42.6884750049794,43.94217501685489,28.874000010546297,44.25560001982376
0.75,16,1.0,16,first,10,36.4281700050924,3.674382248446991,35.34725002828054,41.12295002560131,41.185230038827285,31.177999975625426,41.20080004213378
0.75,16,1.0,16,warm,10,39.69336999580264,7.004118765050961,36.54895001091063,50.003014979301945,51.49172297853511,31.69289999641478,51.8638999783434
1.0,8,0.75,4,first,10,35.01885000732727,6.500382950965006,33.72020000824705,45.62967001111246,48.5411340103019,28.477600018959492,49.26900001009926
1.0,8,0.75,4,warm,10,34.254699997836724,4.626471701664826,33.3839499799069,41.27880498417653,42.17056098510511,28.840399987529963,42.39349998533726
1.0,16,0.5,4,first,10,31.379159999778494,3.6050172435505505,29.60594999603927,36.86545498203486,37.08005098160356,28.056600014679134,37.13369998149574
1.0,16,0.5,4,warm,10,31.35548999416642,3.084755026583274,30.54340000380762,35.47926999744959,35.495613996172324,26.26720000989735,35.49969999585301
1.0,8,0.75,32,first,10,11.474759981501848,1.2795760498258049,11.46019998122938,13.298405005480161,13.686161003424786,9.54299996374175,13.783100002910942
1.0,8,0.75,32,warm,10,12.880169990239665,2.25321614123038,12.796750001143664,16.171699974802323,16.528099985443987,9.784900001250207,16.617199988104403
1.0,4,0.25,32,first,10,11.765550001291558,2.142412657090435,11.034750030376017,15.555539968772791,15.66238796513062,9.669499995652586,15.689099964220077
1.0,4,0.25,32,warm,10,11.074460006784648,1.5221643636053315,10.764350008685142,13.291274986113422,13.315214979811572,9.134399995673448,13.321199978236109
1.0,4,1.0,16,first,10,36.582870001439005,4.676648409867666,35.59389998554252,44.60643498750869,44.65960699424613,31.8649000255391,44.67289999593049
1.0,4,1.0,16,warm,10,36.02340999059379,3.4701837253703407,35.399199987296015,40.969934995519,42.158546993741766,32.28079999098554,42.45569999329746
0.5,8,0.75,32,first,10,12.03213999979198,1.4353095573455064,11.953650013310835,14.228205010294912,15.060201017186046,10.407999972812831,15.268200018908828
0.5,8,0.75,32,warm,10,13.008389982860535,2.861879192971139,12.341549998382106,17.706744984025132,19.00414897245355,10.37719997111708,19.328499969560653
0.25,32,0.5,16,first,10,34.81919000623748,6.512983539102926,30.811099975835532,44.03204504342283,45.289849044638686,29.192399990279227,45.60430004494265
0.25,32,0.5,16,warm,10,33.85803001001477,4.99322898435371,31.996100005926564,40.77471001946833,41.335662037017755,28.137999994214624,41.47590004140511
0.25,8,0.75,4,first,10,31.763000006321818,4.2002630482610614,30.461100017419085,38.60159999749157,40.321679998305626,26.94450004491955,40.75169999850914
0.25,8,0.75,4,warm,10,34.114670008420944,3.4806532513799144,33.82350000902079,39.951199988718145,40.663999989046715,30.292299983557314,40.84219998912886
0.5,32,1.0,4,first,10,36.753329989733174,5.89375684659217,34.93944997899234,47.35058000660501,50.767555999336764,31.957299972418696,51.6217999975197
0.5,32,1.0,4,warm,10,37.30046000564471,5.702106608113662,35.31890001613647,46.96480998536571,50.15448196558282,32.640599994920194,50.95189996063709
0.75,16,1.0,32,first,10,10.758270003134385,1.3446734896755455,10.360750020481646,13.180545001523567,13.631949002156034,9.18009999440983,13.74480000231415
0.75,16,1.0,32,warm,10,10.816440015332773,0.8860344184708739,10.928000003332272,12.086605018703267,12.351241022115573,9.771400014869869,12.41740002296865
1.0,16,0.75,8,first,10,34.62304998538457,6.712990911602275,31.610149977495894,46.68834998155943,48.720549991121516,28.78749999217689,49.228599993512034
1.0,16,0.75,8,warm,10,33.41682001482695,3.31773668890386,32.32860000571236,38.4264250198612,39.46880501520354,29.22200004104525,39.72940001403913
0.5,16,0.25,8,first,10,31.609589990694076,5.2574067455520925,29.716449964325875,40.63813000684603,44.05186601681635,27.49999996740371,44.905300019308925
0.5,16,0.25,8,warm,10,32.19148001517169,3.8635475843676015,31.56120001222007,38.1710550020216,38.21645099145826,27.7566000004299,38.227799988817424
1.0,16,0.25,4,first,10,36.54408000293188,10.301324272253895,34.589550021337345,53.27810498129109,61.17258097452577,28.856499993707985,63.14619997283444
1.0,16,0.25,4,warm,10,32.86884998669848,3.505006841025849,33.579050010303035,36.980464978842065,37.146172983339056,27.216099959332496,37.187599984463304
0.5,16,0.75,32,first,10,12.113039992982522,1.459402574092707,11.70544998603873,14.468034991296008,14.5125669951085,10.472800000570714,14.523699996061623
0.5,16,0.75,32,warm,10,12.501419999171048,1.912383955609726,12.179600016679615,15.529474985669363,16.535494997515343,10.074299992993474,16.787000000476837
0.25,32,0.75,8,first,10,36.9120700052008,9.270760440361734,33.078900014515966,53.45753996225539,54.792707965825684,29.162000049836934,55.12649996671826
0.25,32,0.75,8,warm,10,35.78937001293525,5.855773739365498,35.95020002103411,43.288705026498064,43.587901041610166,28.66609999909997,43.66270004538819
0.75,16,0.25,32,first,10,11.25894999713637,0.8925883225340164,11.36089998180978,12.329394998960195,12.654439001344144,9.250400005839765,12.735700001940131
0.75,16,0.25,32,warm,10,11.6085100104101,0.8724876870064904,11.80925001972355,12.61915002251044,12.809590047691017,10.154000017791986,12.857200053986162
0.25,4,0.75,8,first,10,32.168699987232685,3.2098813499223833,31.34114999556914,37.09067998279351,38.95533599483315,27.489000000059605,39.42149999784306
0.25,4,0.75,8,warm,10,33.1814699980896,4.257844423179789,31.82649999507703,40.639645006740466,41.692968980642036,28.82629999658093,41.95629997411743
0.75,4,0.75,8,first,10,31.0182900109794,1.129421711679041,30.58459999738261,32.68607002100907,32.7132140181493,29.79380002943799,32.72000001743436
0.75,4,0.75,8,warm,10,33.20596999838017,6.201880495684606,30.503449990646914,43.565694990684264,47.51521899423096,28.412000043317676,48.502599995117635
0.5,4,0.5,8,first,10,34.06652001431212,4.75638660097892,31.345499999588355,40.74694000300951,40.81994801410474,28.435400046873838,40.838200016878545
0.5,4,0.5,8,warm,10,31.311000004643574,2.8552141216554485,31.344950024504215,34.8789800045779,35.15891597780865,26.64050000021234,35.228899971116334
0.75,16,0.75,8,first,10,32.391450012801215,4.4370414442765,31.37740000966005,39.34407501656095,43.41801500355359,29.357400024309754,44.43650000030175
0.75,16,0.75,8,warm,10,31.706370000028983,3.5847973752740696,30.610349989729002,37.98580998845864,39.18756198196206,28.455000021494925,39.48799998033792
0.75,8,0.75,32,first,10,12.715170002775267,2.1535633413147224,12.59724999545142,15.896640013670547,16.629888023016974,10.176600015256554,16.81320002535358
0.75,8,0.75,32,warm,10,13.217120012268424,2.7780039297739374,12.654100020881742,17.662500013830133,19.76922000409104,10.192700021434575,20.295900001656264
1.0,16,0.5,32,first,10,11.314319999655709,1.0417794199863921,11.245050001889467,12.910860023112036,12.91417202737648,9.92659997427836,12.915000028442591
1.0,16,0.5,32,warm,10,11.085800005821511,1.3792004877726864,10.533950000535697,13.064424984622745,13.466004983056337,9.143700008280575,13.566399982664734
1.0,32,0.75,16,first,10,34.17593000922352,6.404694462761068,32.46790001867339,44.153885002015144,49.71253699972294,29.103799955919385,51.10219999914989
1.0,32,0.75,16,warm,10,34.48138000094332,3.9693437873260358,34.52619997551665,40.128364981501356,42.67367297958117,28.4706000238657,43.30999997910112
0.5,32,1.0,32,first,10,11.338630004320294,1.3916782066470588,11.190899967914447,13.485335008590479,14.612027017283253,9.729500045068562,14.893700019456446
0.5,32,1.0,32,warm,10,11.981880001258105,1.4082046533055967,11.852349998662248,14.20759002212435,14.329198026098311,9.69409995013848,14.359600027091801
0.75,8,0.25,8,first,10,33.578699990175664,4.500700066576433,32.63405000325292,41.195864966721274,42.358772957813926,28.55370001634583,42.64949995558709
0.75,8,0.25,8,warm,10,30.92939000343904,3.675587728888927,29.765849991235882,37.16638000623789,37.18495600100141,26.24210005160421,37.18959999969229
1.0,8,1.0,16,first,10,34.887940011685714,2.101055437834585,34.67670001555234,38.0563999991864,38.57263999059796,31.496600015088916,38.701699988450855
1.0,8,1.0,16,warm,10,34.402510011568666,2.052444003033493,33.481100021163,37.795839985483326,38.2382079801755,32.238799962215126,38.34879997884855
0.25,8,0.5,4,first,10,33.53421998908743,5.348788462375766,31.366749986773357,41.58685001311824,42.14017003541812,28.419699985533953,42.278500040993094
0.25,8,0.5,4,warm,10,33.777490007923916,4.283490787454634,33.38105001603253,40.20000500313471,43.07536099979188,28.29549997113645,43.794199998956174
1.0,4,0.75,8,first,10,33.61965999356471,4.389739020616528,32.43005002150312,40.65730500442441,43.3008209959371,29.38339998945594,43.96169999381527
1.0,4,0.75,8,warm,10,32.95166999450885,4.6598969220954105,31.26610000617802,40.601669988245696,43.687373994034715,28.99670001352206,44.45879999548197
0.75,4,0.5,4,first,10,34.00313000311144,5.737412095766808,31.10769999329932,43.957480002427474,44.63413599994965,28.961300035007298,44.80329999933019
0.75,4,0.5,4,warm,10,32.61172000784427,3.702936798891857,31.690899981185794,37.739909993251786,37.74646200123243,28.91680004540831,37.74810000322759
1.0,16,0.75,32,first,10,11.80326000903733,1.0655292154707499,12.276250025024638,13.019444997189566,13.191488966112956,10.03780000610277,13.234499958343804
1.0,16,0.75,32,warm,10,11.343510000733659,1.3420952817261758,11.28990002325736,13.23008500621654,13.813537006499246,9.706999990157783,13.959400006569922
0.25,4,1.0,4,first,10,37.06907000159845,2.9251152564368486,37.00125002069399,41.198355003143654,42.67583100066986,32.883599982596934,43.04520000005141
0.25,4,1.0,4,warm,10,35.10128000052646,2.5840658705899355,35.024500015424564,38.42050500679761,38.63546100910753,30.99359996849671,38.68920000968501
0.5,4,0.75,8,first,10,31.622129993047565,2.0123898271228033,31.426000001374632,34.29776998527814,34.54451399913523,28.637400013394654,34.60620000259951
0.5,4,0.75,8,warm,10,32.85480999620631,2.150526394357939,32.768550008768216,36.1472999851685,36.694500002777204,30.272700008936226,36.83130000717938
0.75,4,0.25,8,first,10,31.143209990113974,3.3915991020550553,30.466600001091138,35.873359988909215,36.091951976995915,27.055799961090088,36.14659997401759
0.75,4,0.25,8,warm,10,31.350449996534735,5.024854627247998,29.22264998778701,39.94392501481342,42.01230502745602,26.976199995260686,42.52940003061667
0.25,16,0.5,32,first,10,11.69446999556385,1.2759288912553688,11.564249987713993,13.646365003660318,14.532793005928397,10.294499981682748,14.754400006495416
0.25,16,0.5,32,warm,10,11.775410000700504,2.698267168711909,11.229800002183765,15.865645010489963,17.974489016924053,9.275900025386363,18.501700018532574
1.0,16,0.75,16,first,10,32.10210000979714,2.420656810849789,32.016900018788874,35.62223500048276,35.97564698837232,28.646000020671636,36.06399998534471
1.0,16,0.75,16,warm,10,32.32091999379918,3.11428917143547,31.970450014341623,37.38553999282885,38.33190796955023,28.43319997191429,38.568499963730574
0.75,32,0.25,4,first,10,35.05347999744117,8.755580452727774,32.840400002896786,50.91897500678896,54.2707550060004,27.640299987979233,55.10870000580326
0.75,32,0.25,4,warm,10,34.554669994395226,7.890999478525038,33.406300004571676,47.54145997285376,52.613571974798106,26.26749995397404,53.88159997528419
0.25,8,1.0,4,first,10,39.34184999088757,7.317999105964673,36.404549988219514,51.124649995472275,53.051730000879616,31.7773999995552,53.53350000223145
0.25,8,1.0,4,warm,10,37.72603000397794,4.424258868600895,38.5474500071723,42.42403999378439,42.77064797177445,32.40279998863116,42.85729996627197
0.25,8,1.0,32,first,10,11.788889986928552,1.7689604943414825,11.410249979235232,14.53902497887611,15.546124977990985,9.675199980847538,15.797899977769703
0.25,8,1.0,32,warm,10,11.61028000060469,1.4235205160888669,11.784949980210513,13.52008998801466,13.592737975413911,9.643099969252944,13.610899972263724
0.75,16,0.5,32,first,10,11.750779999420047,2.256961282578897,11.446800024714321,15.558409981895236,16.362721987534314,9.124999982304871,16.563799988944083
0.75,16,0.5,32,warm,10,12.836260010953993,2.9988421622911092,12.20560001092963,17.92604499496519,19.911768985912204,9.686300007160753,20.408199983648956
0.5,32,0.75,16,first,10,35.709170007612556,6.143174418481396,34.00184999918565,45.23830002290196,47.41342003108002,29.31209997041151,47.957200033124536
0.5,32,0.75,16,warm,10,33.22155999485403,4.5479068387295705,32.53930000937544,40.3571499598911,41.101989952730946,26.850000023841858,41.28819995094091
0.25,8,0.5,32,first,10,14.61397999082692,4.934026561588254,12.490599998272955,22.569145009038024,26.686069029965438,10.855299944523722,27.715300035197288
0.25,8,0.5,32,warm,10,16.278380004223436,5.29332156943447,14.952249999623746,24.74527501908596,27.677295028115623,11.111199972219765,28.410300030373037
0.5,4,0.25,32,first,10,13.541610003449023,2.1705408702950435,12.62769996537827,16.91233502351679,17.185827010544017,10.503900004550815,17.254200007300824
0.5,4,0.25,32,warm,10,14.583049999782816,3.371189047109266,13.419349998002872,20.524520031176507,20.765864024870098,10.05109999096021,20.826200023293495
0.75,16,0.75,4,first,10,33.02621999173425,3.9638532245054576,32.610999973258004,39.30654001014772,41.79802801751066,28.328999993391335,42.42090001935139
0.75,16,0.75,4,warm,10,33.3228399977088,4.962427920725141,31.15004999563098,41.66274499439167,45.11870901158545,29.83059996040538,45.98270001588389
1.0,8,0.5,16,first,10,31.615619984222576,2.948124887513123,30.66769998986274,36.48317501356359,37.85207502252888,28.233099961653352,38.1943000247702
1.0,8,0.5,16,warm,10,31.17976001231,4.5393180782616795,28.943550045369193,39.54151001817081,40.58126203541178,27.695199998561293,40.841200039722025
0.5,4,1.0,4,first,10,39.93751002126373,4.707668960344803,38.91020003356971,47.52356001699808,49.340552001376636,34.16870004730299,49.79479999747127
0.5,4,1.0,4,warm,10,35.18644999130629,3.1707276073865596,34.944499988341704,40.19006500311661,41.455213018343784,30.36709997104481,41.771500022150576
0.75,4,1.0,16,first,10,37.063690001377836,2.9056316204906323,36.08545003226027,42.21913002838846,42.76798603765201,34.215599996969104,42.905200039967895
0.75,4,1.0,16,warm,10,37.81724999425933,5.9934962146865125,35.48904997296631,47.50641499995254,48.694162991596386,30.530999996699393,48.99109998950735
0.75,32,0.5,32,first,10,12.105499999597669,1.8563924973347685,11.862799990922213,15.09108500613365,16.168457016465254,10.167600004933774,16.437800019048154
0.75,32,0.5,32,warm,10,11.645520001184195,1.1815462301223,11.894449999090284,12.879715004237369,12.979543010005727,9.12659999448806,13.004500011447817
0.75,32,0.5,16,first,10,35.585399996489286,4.928386093624942,35.57189999264665,42.70233499410096,44.28334698372055,28.208900010213256,44.678599981125444
0.75,32,0.5,16,warm,10,33.48989000660367,9.343671120807103,30.169000005116686,49.956379990908296,56.21879600395914,26.203099987469614,57.78440000722185
1.0,4,0.5,8,first,10,32.99998001311906,4.472032685265395,30.72785001131706,40.404415025841445,41.51008302113041,29.264200013130903,41.786500019952655
1.0,4,0.5,8,warm,10,31.62955001462251,3.0532072488474418,30.929400032619014,36.10442502249498,36.277045016759075,27.94439997524023,36.3202000153251
0.5,16,0.25,32,first,10,12.828720000106841,2.410271972142879,12.414550001267344,16.598964997683645,18.52435301116202,10.40679996367544,19.005700014531612
0.5,16,0.25,32,warm,10,11.112430004868656,2.386266992924728,10.43125000433065,15.32046501524746,16.58129301853478,9.05860000057146,16.89650001935661
0.25,32,0.5,32,first,10,16.655400005402043,13.171361670154601,12.077149993274361,39.07872998097443,49.47574596095365,9.05560003593564,52.07499995594844
0.25,32,0.5,32,warm,10,14.611169992713258,7.736449244119874,12.398549966746941,26.744830020470523,34.13728602579795,8.85559996822849,35.9854000271298
0.5,32,0.25,16,first,10,34.44698000093922,4.248636463279737,33.75065000727773,41.4710500073852,41.659329995163716,30.08549998048693,41.706399992108345
0.5,32,0.25,16,warm,10,31.414790003327653,3.6732928643354055,31.659800006309524,37.13848495972342,38.56793694780208,26.487700000870973,38.925299944821745
0.5,8,0.75,8,first,10,34.92481000139378,6.156259875401231,32.45525000966154,45.32776997366453,48.93691398377996,29.938099964056164,49.83919998630881
0.5,8,0.75,8,warm,10,34.91941000102088,4.247208971630232,33.61559999757446,41.49293501977808,44.16906702914275,30.903699982445687,44.83810003148392
0.75,4,0.5,8,first,10,32.302650006022304,2.194121759691204,31.460099999094382,35.25720001780428,35.36232002195902,28.941199998371303,35.38860002299771
0.75,4,0.5,8,warm,10,30.58888000668958,2.5135792969819533,29.645850008819252,34.77558502345346,35.47999702277593,28.14150002086535,35.65610002260655
0.75,8,1.0,4,first,10,35.62625001068227,2.3922368875276407,35.5005000019446,38.475005034706555,38.586281022871844,31.832700013183057,38.61410001991317
0.75,8,1.0,4,warm,10,37.203730014152825,2.632706458565993,37.18350001145154,40.73522500693798,41.04824500158429,32.945699989795685,41.12650000024587
1.0,32,0.25,32,first,10,12.062710005557165,1.7532968770639585,11.557699996046722,14.655380032490937,15.183716032188386,9.569799993187189,15.315800032112747
1.0,32,0.25,32,warm,10,13.055929983966053,1.8156036686391606,12.783999991370365,15.623605003929695,16.29864101007115,10.218199982773513,16.467400011606514
0.75,4,0.25,32,first,10,12.689740001223981,3.185021777854041,11.218299972824752,18.44669000711292,18.941978006623685,10.306700016371906,19.065800006501377
0.75,4,0.25,32,warm,10,10.929470008704811,1.1649575993650756,10.984199965605512,12.353500031167641,12.382300040917471,8.982100000139326,12.389500043354928
1.0,16,1.0,32,first,10,11.30531998933293,0.9442637085063167,11.463600007118657,12.27895001647994,12.33331001130864,9.11029998678714,12.346900010015815
1.0,16,1.0,32,warm,10,11.560939985793084,2.49673509341097,11.158899986185133,15.506549985730082,17.55818999663461,9.087399987038225,18.07109999936074
0.75,4,1.0,4,first,10,35.17507999204099,2.20606964489356,34.006700007012114,38.8542899832828,38.99461798311677,33.396199985872954,39.02969998307526
0.75,4,1.0,4,warm,10,38.83561998954974,5.13116062901406,37.3189999954775,46.62484499567654,46.89120899129193,31.88690001843497,46.95779999019578
0.75,32,0.25,8,first,10,36.494679999304935,7.430244844337948,34.65284997946583,48.55004999553784,50.541209985967726,28.8425000035204,51.038999983575195
0.75,32,0.25,8,warm,10,33.91485000611283,3.0823116673398383,33.152300020447,38.63670496793929,40.08790097490419,30.330900044646114,40.45069997664541
1.0,32,0.5,16,first,10,34.705009998288006,3.719192716611875,34.3396499811206,39.804525004001334,40.74106501066126,28.452200000174344,40.97520001232624
1.0,32,0.5,16,warm,10,33.50603000726551,3.3728058112947474,33.56374998111278,37.35753001237754,37.758066023816355,28.67790003074333,37.85820002667606
0.75,16,0.5,8,first,10,35.47943999292329,5.017064210342504,33.49984998931177,43.17251500324346,43.31698301364668,29.573699983302504,43.35310001624748
0.75,16,0.5,8,warm,10,36.75119999679737,16.229924471517187,31.695749989012256,62.124745006440165,78.12742898589931,28.593899973202497,82.12809998076409
1.0,8,0.5,32,first,10,12.151360005373135,1.3509385926655735,11.884100007591769,14.297090002219193,14.449658011435531,10.48369996715337,14.487800013739616
1.0,8,0.5,32,warm,10,12.653830013005063,2.327900159019125,12.079849984729663,16.606910014525052,18.16002202220261,10.794700006954372,18.548300024122
0.5,16,0.75,16,first,10,34.83586999354884,3.473028011039843,34.75259998231195,39.52951999963261,40.03150400822051,29.793100024107844,40.15700001036748
0.5,16,0.75,16,warm,10,35.55067999404855,3.8152830791883035,36.087999993469566,39.945059988531284,39.955572005710565,30.370799999218434,39.958200010005385
0.25,8,0.5,16,first,10,38.62055000499822,9.18931262444293,35.790199995972216,53.67991499661001,57.30054301035125,29.05129996361211,58.205700013786554
0.25,8,0.5,16,warm,10,38.35474000079557,8.639758930867536,35.035249980865046,52.25719499285332,55.512638970976695,30.602200014982373,56.32649996550754
0.5,32,0.75,8,first,10,34.022660000482574,5.232144292463113,32.42605002014898,42.867475011735216,45.3502150363056,28.952599968761206,45.97090004244819
0.5,32,0.75,8,warm,10,33.638980000978336,4.042773523665827,32.86760000628419,40.166755032259964,41.920711018610746,29.031299985945225,42.35920001519844
0.25,8,0.25,4,first,10,34.57805999205448,6.351059323297873,33.98164999089204,44.598869961919256,46.74065396771766,27.536199952010065,47.27609996916726
0.25,8,0.25,4,warm,10,33.08824000414461,3.1428945079027972,31.92729997681454,37.78885502833873,38.004171033389866,29.34790001017973,38.05800003465265
0.25,4,1.0,8,first,10,36.45932998042554,4.460371148060221,34.45204996387474,42.258244994445704,42.67868898983579,31.086599978152663,42.78379998868331
0.25,4,1.0,8,warm,10,36.8104399938602,4.662055599621178,36.26155000529252,43.90591499104629,48.32214298599865,33.31719996640459,49.42619998473674
0.25,4,0.5,4,first,10,33.34682999411598,4.103072035818839,31.66695000254549,39.747009990969666,42.097161990823224,29.05559999635443,42.68469999078661
0.25,4,0.5,4,warm,10,31.52128001092933,5.940234191095532,29.747749998932704,41.4899450202938,46.457909046439454,27.841100003570318,47.69990005297586
1.0,8,0.25,32,first,10,12.982090003788471,2.112777192430376,12.771250010700896,16.24810501234606,16.540101014543325,10.367199953179806,16.61310001509264
1.0,8,0.25,32,warm,10,12.199379998492077,2.127767630012782,12.577100016642362,15.149964997544883,15.697993021458387,8.96820001071319,15.835000027436763
0.5,16,0.75,8,first,10,33.78938999958336,3.517880152744063,34.4984499970451,38.22562998684588,39.78104599111248,28.224100009538233,40.169899992179126
0.5,16,0.75,8,warm,10,32.23498999141157,3.351782450490539,31.552249973174185,37.479779988643706,39.93555597553495,28.476999956183136,40.54949997225776
0.25,16,0.75,32,first,10,11.640010005794466,1.1024509263178996,11.327500018524006,13.144760008435696,13.390712037216872,9.950699983164668,13.452200044412166
0.25,16,0.75,32,warm,10,12.17624997952953,2.2700010368717165,11.737999971956015,15.926694974768903,17.02285898150876,9.801299951504916,17.296899983193725
1.0,8,0.5,4,first,10,35.250280011678115,6.278899523886792,32.60665002744645,45.605304985656396,48.283380988868885,30.185600044205785,48.952899989672005
1.0,8,0.5,4,warm,10,33.56385000515729,4.495669505298513,32.549900002777576,40.14902001945301,41.90092403208837,26.676699984818697,42.33890003524721
0.75,8,0.25,32,first,10,14.620699995430186,10.244050974899714,11.738999979570508,30.558260003454023,40.740932027692914,8.971900038886815,43.28660003375262
0.75,8,0.25,32,warm,10,12.290230009239167,3.2523741431852913,11.662250006338581,17.366110021248453,20.086342031136155,9.399100032169372,20.76640003360808
0.5,8,1.0,32,first,10,10.952569980872795,0.7954601244816113,10.85859996965155,12.167379987658933,12.383235996821895,9.78289998602122,12.437199999112636
0.5,8,1.0,32,warm,10,11.467110010562465,2.343126888032793,11.122600000817329,15.050455013988532,17.229211007943377,9.849399968516082,17.773900006432086
0.25,32,1.0,16,first,10,36.492229998111725,4.516424590781153,34.699250012636185,44.811729961656965,45.10066596150864,32.73720003198832,45.17289996147156
0.25,32,1.0,16,warm,10,37.58172999951057,6.883764673387856,34.02684998582117,48.34287999547087,48.90001600491814,31.468700035475194,49.03930000727996
0.25,16,0.75,8,first,10,31.63608000613749,2.4446286503720174,31.10245001153089,35.27522501826752,35.48096501326654,27.71660004509613,35.532400012016296
0.25,16,0.75,8,warm,10,33.08821998653002,1.9259807161171474,33.881149982335046,35.13433502812404,35.25374703633133,29.66149995336309,35.283600038383156
1.0,32,1.0,4,first,10,38.82129000267014,4.859893943963419,38.30274997744709,46.66276502539403,49.071993014076725,31.366000010166317,49.6743000112474
1.0,32,1.0,4,warm,10,39.48972999933176,4.611586372009961,39.02709999238141,47.24077999126166,47.68487602006644,33.73170003760606,47.795900027267635
0.5,8,0.25,16,first,10,33.04359999601729,4.616709514321239,31.765949999680743,40.781939993030385,44.17054800025653,29.589799989480525,45.017700002063066
0.5,8,0.25,16,warm,10,34.644540009321645,5.37675852857825,33.74125002301298,42.863449995638796,44.97196999960579,28.77299999818206,45.49910000059754
1.0,32,0.75,8,first,10,34.30638000718318,5.668249356390252,32.23780001280829,44.510749974870116,47.13046995282639,29.569600010290742,47.785399947315454
1.0,32,0.75,8,warm,10,36.35191000648774,7.566973820638995,33.8037500041537,50.10855497966986,51.20155098324176,29.480300028808415,51.474799984134734
0.75,32,0.5,8,first,10,36.95404001628049,6.004015074009557,36.0841000219807,45.96380002330988,47.80412003863603,28.363600024022162,48.264200042467564
0.75,32,0.5,8,warm,10,34.17786999489181,5.427578751859875,34.66045000823215,40.41566000669263,40.84881199407391,26.02419996401295,40.95709999091923
0.25,16,0.5,4,first,10,32.60995000018738,5.372251644713808,31.783049984369427,40.98181499866767,44.8400429985486,27.361300017219037,45.804599998518825
0.25,16,0.5,4,warm,10,31.57136000227183,2.1216529129286488,32.066149986349046,34.44579501519911,34.65275899856351,28.04380003362894,34.704499994404614
0.75,4,1.0,8,first,10,38.84840999962762,5.445899871672788,37.46669998508878,47.7247150032781,50.64694300061092,33.246300008613616,51.37749999994412
0.75,4,1.0,8,warm,10,38.75935000251047,4.199389584137873,37.38570000859909,44.87269500968978,45.14517903095111,33.950200013350695,45.213300036266446
1.0,32,0.25,16,first,10,35.470560006797314,6.138806790210423,33.79879999556579,45.505870002671145,46.51653400796931,29.529399995226413,46.769200009293854
1.0,32,0.25,16,warm,10,35.76209001475945,6.073411019805015,34.34335003839806,45.47426502394954,49.43005303328391,29.511300032027066,50.4190000356175
0.75,16,0.25,4,first,10,35.84274000604637,6.248729286469318,34.002200001850724,45.105660014087334,45.95065203611739,28.123099997173995,46.161900041624904
0.75,16,0.25,4,warm,10,34.61125000030734,4.0440822566209675,33.472550014266744,41.109824989689514,42.10324501036666,29.24230002099648,42.35160001553595
0.5,4,0.5,16,first,10,33.18702000542544,4.240114191080368,32.31895001954399,39.41828499082475,41.27325699198991,26.33100003004074,41.7369999922812
0.5,4,0.5,16,warm,10,33.2392499956768,5.490959277308687,31.19904999039136,41.98980000219307,44.67827997985296,27.773300011176616,45.35039997426793
1.0,16,0.5,8,first,10,33.361669996520504,5.926226605793841,30.82009998615831,43.39272497163619,45.67206495616119,27.80820004409179,46.24189995229244
1.0,16,0.5,8,warm,10,34.548320004250854,3.5677172148922325,34.0262999816332,38.719295017654076,38.93057903391309,28.885699983220547,38.983400037977844
0.75,8,0.5,32,first,10,13.33870001253672,5.64778762196411,12.00765001703985,22.01541501854079,27.58364302630071,9.715899999719113,28.97570002824068
0.75,8,0.5,32,warm,10,10.834849998354912,1.1213968110080634,10.446749976836145,12.818220001645386,12.86156399641186,9.346300037577748,12.872399995103478
0.25,32,0.75,32,first,10,15.722049999749288,3.3400818512157935,15.918350021820515,19.909324974287298,20.673064964357764,11.841500003356487,20.86399996187538
0.25,32,0.75,32,warm,10,12.619459989946336,2.2539268872824443,12.547349993837997,15.432039988809265,15.45752799429465,9.271599992644042,15.463899995665997
0.75,4,0.5,32,first,10,13.177380000706762,1.5873066787435095,13.720800023293123,14.930600018124096,14.951480030431412,10.440099984407425,14.956700033508241
0.75,4,0.5,32,warm,10,13.067569996928796,2.9717974075478777,12.252750020707026,18.264644980081357,18.65988899313379,9.884099999908358,18.7586999963969
0.25,16,0.25,4,first,10,43.39933000737801,8.200519337746227,41.298800002550706,56.94567003520204,62.16257402906194,35.99870001198724,63.466800027526915
0.25,16,0.25,4,warm,10,41.70750000048429,6.092090795667904,42.928699986077845,47.774475006735884,48.10657499998342,29.13280000211671,48.18959999829531
0.75,32,1.0,16,first,10,43.87269999133423,4.056952902479013,44.25874998560175,48.7109650101047,49.31731301709078,36.646599997766316,49.4689000188373
0.75,32,1.0,16,warm,10,43.301879992941394,5.073606455514606,41.47279998869635,51.04270499141421,52.02662100258749,36.477799993008375,52.27260000538081
0.25,4,0.75,32,first,10,12.424340000143275,0.9769046747371181,12.287699995795265,13.786185011849737,14.213397016865201,10.71950001642108,14.320200018119067
0.25,4,0.75,32,warm,10,12.943240004824474,2.3722204835217995,12.398550024954602,17.152830006671135,18.377046003588475,10.454899980686605,18.68310000281781
0.5,8,0.75,16,first,10,34.31089000659995,6.53548880959988,32.266249996609986,45.614004990784444,48.87384100235067,28.022800048347563,49.68880000524223
0.5,8,0.75,16,warm,10,35.16109999618493,3.904528694278365,34.25470000365749,40.987355003017,42.04651100037154,29.721700004301965,42.31129999971017
0.75,16,0.25,16,first,10,35.047850001137704,3.4777760623105807,34.27125001326203,40.45787500799633,41.96213497896679,30.703499971423298,42.3381999717094
0.75,16,0.25,16,warm,10,33.34391999524087,4.4463011256504705,32.624849991407245,40.76852498983498,43.070904982159846,28.715199965517968,43.64649998024106
0.75,4,1.0,32,first,10,11.343989992747083,1.7310651892425302,11.414049979066476,13.974029981181953,14.903045993414707,9.407900040969253,15.135299996472895
0.75,4,1.0,32,warm,10,12.090470007387921,2.16212171640621,11.644150014035404,15.497350029181684,17.41435004165396,9.97130002360791,17.89360004477203
0.25,32,1.0,32,first,10,11.021349998190999,1.0277016835898583,10.675600002286956,12.629879987798631,12.708215997554362,9.405600023455918,12.727799999993294
0.25,32,1.0,32,warm,10,11.278389999642968,1.0362271211101495,11.21140003670007,12.723319989163427,13.19578398251906,9.20819997554645,13.313899980857968
0.5,16,0.5,32,first,10,11.929949990008026,2.1846340966942557,11.665049998555332,15.221794968238097,16.587238971842453,9.18729999102652,16.92859997274354
0.5,16,0.5,32,warm,10,12.692809995496646,3.1040486082526657,12.111849995562807,17.58800498500932,17.72952099388931,9.722700051497668,17.764899996109307
0.25,32,0.25,8,first,10,31.27719999756664,3.535944598992288,30.9271999867633,36.55867501511238,38.71525500784628,26.819599966984242,39.254400006029755
0.25,32,0.25,8,warm,10,33.951450017048046,5.1223522284553775,32.250050018774346,41.87163502501789,43.77520704001654,27.6764000300318,44.2511000437662
0.75,8,1.0,8,first,10,36.335629993118346,5.98875775954007,34.00909999618307,47.0423449849477,49.830148985493,31.60849999403581,50.52709998562932
0.75,8,1.0,8,warm,10,37.167730007786304,3.503553321952179,37.40420000394806,41.822835020138875,44.14976703177672,31.184100022073835,44.73150003468618
0.75,32,0.75,8,first,10,33.127760008210316,4.391708174519593,31.58874998916872,40.289919974748045,41.16846395889297,28.75820000190288,41.3880999549292
0.75,32,0.75,8,warm,10,32.45372000383213,2.4445300721938517,32.14150000712834,36.36244004010223,36.532648036954924,29.54330004286021,36.5752000361681
0.25,8,1.0,8,first,10,38.38384998962283,4.430242255081919,37.06059997784905,45.797294954536476,47.821538945427164,33.77790004014969,48.327599943149835
0.25,8,1.0,8,warm,10,36.10564999980852,3.0269797840384056,37.20995000912808,38.962720017298125,39.025504013407044,31.119099992793053,39.041200012434274
1.0,4,0.75,32,first,10,13.59670998645015,3.2907652346410843,12.959549989318475,19.019700001808808,21.471299998811446,10.435400006826967,22.084199998062104
1.0,4,0.75,32,warm,10,13.836099999025464,3.0524456508955184,13.654999987920746,18.770989991026,18.80763797671534,9.982399991713464,18.816799973137677
0.75,32,0.25,16,first,10,31.946350005455315,1.9982676473315066,31.630849989596754,35.01699504558928,35.51267904811539,29.617699969094247,35.636600048746914
0.75,32,0.25,16,warm,10,35.614270000951365,6.673944797110366,34.482949995435774,46.648124998318956,48.677625008276664,28.90460001071915,49.18500001076609
0.25,8,0.75,32,first,10,11.93136999499984,1.510770142117035,11.681950010824949,14.15581000910606,14.60444200958591,9.930200001690537,14.716600009705871
0.25,8,0.75,32,warm,10,12.932920007733628,2.5209157682326326,12.732100032735616,16.874005013960407,18.778800996369682,9.695500019006431,19.254999991972
0.5,4,1.0,16,first,10,38.058580009965226,6.27102414736784,36.602500011213124,48.207155027193934,53.26015103026293,32.572199997957796,54.52340003103018
0.5,4,1.0,16,warm,10,35.3980399959255,2.936013677476958,35.48429999500513,39.958620013203465,41.608284001704305,32.08999999333173,42.020699998829514
0.25,32,0.25,4,first,10,33.8702300156001,5.128751913155926,31.470100017031655,42.41530002618674,42.670180018176325,27.74759999010712,42.73390001617372
0.25,32,0.25,4,warm,10,33.22640999685973,6.7514636292308445,30.617549986345693,43.70172500202898,44.658425015513785,25.361699983477592,44.89760001888499
0.75,8,1.0,16,first,10,39.225650002481416,6.575704010867723,37.770650000311434,49.48790000635198,53.98502000956796,32.66339999390766,55.10930001037195
0.75,8,1.0,16,warm,10,37.66727999900468,4.539247494646325,36.51594999246299,45.360195022658445,45.631959017482586,32.44969999650493,45.69990001618862
1.0,32,0.25,8,first,10,32.39458000170998,2.7800170675570905,32.28850002051331,36.15397999237757,36.38567601738032,28.88850000454113,36.44360002363101
1.0,32,0.25,8,warm,10,34.93935999576934,6.3526150051367445,32.50234998995438,46.045504999347024,47.88910099770874,28.315299947280437,48.349999997299165
0.75,32,0.5,4,first,10,34.9348499905318,4.9434318280979115,32.987299986416474,44.20365000551101,44.91753001406323,31.0629999730736,45.09600001620129
0.75,32,0.5,4,warm,10,32.94464001082815,5.0931735336967785,31.20024999952875,41.85734000930097,42.956348016741686,28.04820000892505,43.231100018601865
0.25,4,0.25,16,first,10,35.05389001220465,9.82308827476514,31.80485003395006,51.21936500363515,59.35043299628887,27.863900002557784,61.3831999944523
0.25,4,0.25,16,warm,10,35.096190008334816,3.912250092195649,33.75300002517179,40.86020500981249,41.633161028148606,30.153000028803945,41.826400032732636
0.25,4,0.25,8,first,10,31.340020016068593,2.6292233494345525,31.02910000598058,34.868635021848604,34.92396702407859,26.788300019688904,34.93780002463609
0.25,4,0.25,8,warm,10,30.303169996477664,3.751415836099154,29.250599996885285,36.41054999025072,39.20162997383159,26.33110003080219,39.8993999697268
1.0,32,1.0,16,first,10,40.18677001004107,5.088783356182585,40.5027000233531,47.461854974972084,48.40725096524693,33.53740001330152,48.64359996281564
1.0,32,1.0,16,warm,10,41.08587999944575,6.974478032645192,39.09925001789816,52.919700002530575,56.536260006250814,35.50410002935678,57.44040000718087
1.0,4,0.75,16,first,10,32.67868999973871,3.7858070899889467,31.766800006153062,38.74655998952221,39.37339200580027,27.942500018980354,39.530100009869784
1.0,4,0.75,16,warm,10,34.80290000443347,5.021075792148422,32.86135001690127,43.893054986256175,44.25885098462459,29.653299949131906,44.35029998421669
0.75,32,1.0,4,first,10,37.37822999828495,7.883769765128537,35.50100000575185,50.08003499533513,56.621126992977224,31.08569997129962,58.25639999238774
0.75,32,1.0,4,warm,10,39.46402999572456,5.780214563825083,38.381899998057634,49.20349999738391,50.69966001145076,33.077600004617125,51.07370001496747
0.75,4,0.75,32,first,10,13.09665001463145,3.7713301540241737,11.71445002546534,19.51230501872487,20.841821000212803,9.552600036840886,21.174199995584786
0.75,4,0.75,32,warm,10,13.246200000867248,2.82082746759491,12.714499986032024,17.908219987293702,18.61828398774378,9.970400016754866,18.7957999878563
1.0,8,0.25,16,first,10,33.02779999212362,4.0023265593040485,32.201349997194484,39.226684995810494,42.088936976506375,28.91779999481514,42.80449997168034
1.0,8,0.25,16,warm,10,34.08798000891693,4.819054333212298,32.78320000390522,41.30727500887587,43.37025500135496,29.016499989666045,43.885999999474734
0.5,8,1.0,4,first,10,37.7558299980592,5.188777044024477,37.07369999028742,45.45447501004672,49.91289501194842,30.98500001942739,51.02750001242384
0.5,8,1.0,4,warm,10,37.44375999667682,4.075463621494326,35.97135000745766,43.742739979643375,44.546547981444746,33.23659999296069,44.74749998189509
0.5,32,1.0,8,first,10,37.33641000580974,4.686508490196074,35.53845002898015,45.14998497907072,45.52031699102372,31.83079999871552,45.61289999401197
0.5,32,1.0,8,warm,10,37.27251999662258,3.2006606881616717,36.73094999976456,42.17655999818816,44.72939199069515,33.124300010968,45.367599988821894
0.25,4,0.5,32,first,10,13.111189991468564,2.7573748041900483,12.323600007221103,18.125119985779744,18.91510400804691,10.672399948816746,19.1126000136137
0.25,4,0.5,32,warm,10,15.02530001453124,10.574402050646276,11.571500013815239,31.172445032279906,42.03216903610156,9.556500008329749,44.74710003705695
0.5,8,0.75,4,first,10,38.72915000538342,6.047631981142801,36.73930000513792,48.730950019671575,51.25851000833791,33.70179998455569,51.89040000550449
0.5,8,0.75,4,warm,10,39.8214400105644,5.514966892111521,37.70055001950823,48.54894499003421,50.51162899413612,33.51500001735985,51.00229999516159
0.5,8,1.0,8,first,10,36.106279998784885,2.411473936528297,36.52920000604354,38.971740010310896,39.21538800059352,31.54039999935776,39.27629999816418
0.5,8,1.0,8,warm,10,38.16487999865785,2.791029571945505,37.08105001715012,42.65096497256308,44.18611296918243,34.88870000001043,44.56989996833727
0.25,32,0.5,4,first,10,31.587500002933666,2.7837486142276564,31.575649976730347,35.64375001296867,36.0321900161216,26.188499992713332,36.12930001690984
0.25,32,0.5,4,warm,10,34.36997000244446,4.916581008997368,34.84479998587631,41.583250026451424,41.76433002226986,28.60830002464354,41.80960002122447
0.25,8,0.5,8,first,10,32.00680999434553,2.9793162473760813,31.768550019478425,36.69027000141796,37.413653998519294,26.937500049825758,37.59449999779463
0.25,8,0.5,8,warm,10,34.28888001362793,4.726415421776111,33.270300016738474,42.36450001772027,43.85922002082225,29.72819999558851,44.23290002159774
1.0,4,0.5,4,first,10,32.85677999956533,4.607248374565217,31.566599995130673,40.42263000446837,43.1386860035127,28.15480000572279,43.817700003273785
1.0,4,0.5,4,warm,10,34.422920003999025,7.364476176234424,33.24239997891709,46.613389987032846,51.51003797305748,27.707200031727552,52.73419996956363
0.25,32,0.75,4,first,10,34.7919300023932,5.401409647850573,34.78350001387298,44.01884500985033,45.62584900879301,29.385800007730722,46.02760000852868
0.25,32,0.75,4,warm,10,34.37245999230072,4.7304887536845035,33.64770000916906,41.73151499708183,42.78822299675085,28.984299977310002,43.0523999966681
0.25,16,0.75,4,first,10,34.16931999963708,4.466945372261789,33.162849984364584,40.86417498474475,42.09843497432303,28.68399996077642,42.406999971717596
0.25,16,0.75,4,warm,10,34.4568700005766,3.896420875054651,34.61245002108626,40.17006998183205,42.27081396849826,29.444499989040196,42.79599996516481
0.25,16,1.0,8,first,10,36.54533000080846,4.141014287771049,35.445849993266165,43.29240500810556,43.63336100592278,31.718500016722828,43.718600005377084
0.25,16,1.0,8,warm,10,39.87986999563873,6.938187976578677,37.97915001632646,50.586299996939466,57.02597997675184,34.00260000489652,58.63589997170493
0.75,4,0.75,16,first,10,35.100100009003654,5.690816834502735,33.85945002082735,43.90808001626282,47.077376008965075,27.981799968983978,47.869700007140636
0.75,4,0.75,16,warm,10,36.482570006046444,5.5732964827735465,35.818700009258464,45.111455005826414,49.47109100990929,29.600500012747943,50.56100001093
0.75,8,1.0,32,first,10,11.433960014255717,1.6752388880888838,11.570700007723644,13.813355020829476,14.040911014308222,9.4511000206694,14.097800012677908
0.75,8,1.0,32,warm,10,11.542349989758804,1.2166531286719593,11.686499987263232,13.293609989341347,13.855281991418451,10.03780000610277,13.995699991937727
0.5,32,0.25,4,first,10,34.62731000618078,2.843824557096158,34.51279998989776,38.36811998626217,38.9946639793925,29.787899984512478,39.15129997767508
0.5,32,0.25,4,warm,10,33.111460000509396,4.006267737092467,32.97524998197332,39.691870016395114,40.4922940133838,27.640499989502132,40.69240001263097
1.0,16,0.25,32,first,10,13.178149983286858,2.926168438388832,12.495300004957244,17.72999997483566,19.260719979647547,9.776099992450327,19.643399980850518
1.0,16,0.25,32,warm,10,11.4121199992951,1.380614528943693,11.381399992387742,13.33151998987887,13.532543990877457,9.565100015606731,13.582799991127104
0.75,8,0.25,4,first,10,35.52631001803093,4.087136258867498,36.340750026283786,40.76728002983145,42.5030560453888,29.262399999424815,42.93700004927814
0.75,8,0.25,4,warm,10,35.22892001201399,5.21069433513319,33.89420002349652,44.49934499571099,46.71762899728492,30.4127000272274,47.2721999976784
0.25,8,0.75,8,first,10,32.30823999620043,3.9174440095315397,31.20754999690689,38.680549990385764,40.50754998810589,28.2078999443911,40.964299987535924
0.25,8,0.75,8,warm,10,36.749550013337284,7.35670425275286,33.18500000750646,48.85586500458885,49.16125300398562,30.20539996214211,49.237600003834814
1.0,32,1.0,8,first,10,37.87814999232069,3.132562191369399,37.0859999966342,43.33805996575393,43.99153195437975,34.068599983584136,44.15489995153621
1.0,32,1.0,8,warm,10,35.918749996926636,3.3064933188294394,35.83539999090135,40.336150021175854,40.37611001112964,30.770199955441058,40.38610000861809
1.0,4,0.75,4,first,10,38.778699998511,13.660742438481455,34.030300012091175,59.68545500363685,73.0191710073268,29.619799985084683,76.35260000824928
1.0,4,0.75,4,warm,10,35.14396999380551,4.125069968008193,35.052699997322634,41.591294988757,42.416738987667486,29.481699981261045,42.62309998739511
0.5,16,0.25,4,first,10,33.768930012593046,3.82509195821099,32.92695002164692,39.57453502225689,41.424827029695734,29.68099998543039,41.887400031555444
0.5,16,0.25,4,warm,10,33.576970000285655,3.2058972504846928,33.01270000520162,39.19673502095974,40.525746998609975,29.898500011768192,40.85799999302253
0.25,32,0.25,16,first,10,32.083199999760836,4.659211068310118,31.148150010267273,39.50500998762436,39.840601986506954,26.096299989148974,39.9244999862276
0.25,32,0.25,16,warm,10,31.78316000266932,2.067334248167948,31.954200007021427,34.90331500361208,34.977943006088026,29.19520001159981,34.99660000670701
0.75,8,0.5,16,first,10,36.36439999099821,4.999206057354394,35.56439999374561,44.18866998457815,45.913573980215006,30.26490000775084,46.34479997912422
0.75,8,0.5,16,warm,10,33.603979990584776,4.41106304975734,32.207049982389435,41.542389974347316,42.44231797463726,28.662499971687794,42.66729997470975
0.75,16,0.5,16,first,10,31.3474899972789,2.3999708396346464,30.705250013852492,35.30381499440409,35.546202996047214,27.921599976252764,35.606799996457994
0.75,16,0.5,16,warm,10,31.439590000081807,2.896931964070217,31.09075000975281,35.67120500083547,36.819281004718505,27.80829998664558,37.10630000568926
0.25,16,1.0,32,first,10,10.958420007955283,1.0566815539480987,10.9869500156492,12.283154993201606,12.304070963873528,9.625400009099394,12.309299956541508
0.25,16,1.0,32,warm,10,11.439300008350983,0.9062712692580087,11.48390001617372,12.71433999936562,12.864387989393435,10.233799985144287,12.90189998690039
0.75,16,0.75,32,first,10,11.10789001104422,0.8702970261288431,10.926999966613948,12.422975027584469,12.81627502583433,9.935200039763004,12.914600025396794
0.75,16,0.75,32,warm,10,12.170310004148632,1.5953148717839583,11.915599985513836,14.670495010796,15.686739016673528,10.206999955698848,15.940800018142909
0.75,8,0.75,4,first,10,32.770139985950664,3.8477090408427714,31.347399984952062,38.7590349826496,40.83036699681543,29.07349995803088,41.34820000035688
0.75,8,0.75,4,warm,10,31.343420001212507,1.7242790028287345,30.984500015620142,33.90404499950819,34.57504899590276,29.193199996370822,34.742799995001405
0.5,4,0.5,32,first,10,12.337559997104108,2.2567184976259744,12.05430002301,15.918124988093037,17.024585010367446,9.27929999306798,17.301200015936047
0.5,4,0.5,32,warm,10,12.36702999449335,1.4239955232885897,12.175099982414395,14.534505005576646,14.904980997671373,9.791299991775304,14.997599995695055
0.5,32,0.5,8,first,10,34.274209989234805,4.729021667006877,32.944950013188645,41.71713997493497,44.837907975306734,28.914499969687313,45.61809997539967
0.5,32,0.5,8,warm,10,34.94975999929011,6.468150552559815,33.83915001177229,45.68818499101325,47.11115697165951,28.284800006076694,47.466899966821074
1.0,16,1.0,8,first,10,36.30712000885978,4.075131251896077,35.05974999279715,43.09015000762883,45.63643001310993,32.41150005487725,46.2730000144802
1.0,16,1.0,8,warm,10,37.60926999966614,5.281833740269791,36.15390000049956,46.41263999801594,49.49596798571292,32.7157000428997,50.26679998263717
0.25,16,0.25,8,first,10,39.00617000181228,9.500088768898626,36.13165000570007,51.53354499489069,52.110948991030455,28.159200039226562,52.255299990065396
0.25,16,0.25,8,warm,10,34.08229997730814,4.737200580343727,33.67839998099953,39.966124956845306,40.26546495209914,28.880500001832843,40.340299950912595
0.5,16,0.5,8,first,10,33.41766999801621,3.9561813026403922,32.751799997640774,39.72516000503674,40.808472039643675,28.798599960282445,41.07930004829541
0.5,16,0.5,8,warm,10,34.32421001489274,6.676678444030176,31.97665000334382,45.588810014305636,45.943841993575916,28.262200008612126,46.032599988393486
0.25,16,1.0,4,first,10,37.54905999521725,5.591599378854782,36.63550002966076,46.98332498373928,50.44706497632433,32.502599991858006,51.312999974470586
0.25,16,1.0,4,warm,10,41.453670006012544,7.446439909040283,38.42370002530515,55.022115001338534,55.255863000056706,33.96460000658408,55.31429999973625
0.5,32,0.5,16,first,10,33.82721998495981,5.874023093869917,31.671199976699427,43.61602499557192,47.81344500079285,29.31959996931255,48.86280000209808
0.5,32,0.5,16,warm,10,34.98797999927774,4.9429490940736365,34.78360001463443,42.42900501121767,42.93628101819195,26.20209997985512,43.06310001993552
0.75,8,0.75,16,first,10,38.83936999482103,17.454084832985075,33.52464997442439,65.18970499746496,83.62282100133598,31.04280005209148,88.23110000230372
0.75,8,0.75,16,warm,10,37.291829992318526,7.31426767292192,34.0328999736812,49.487394999596276,53.406678982428275,31.14759997697547,54.38649997813627
0.5,4,0.75,16,first,10,33.28408999950625,5.945430781291638,31.781400000909343,42.690559994662166,47.3529919993598,28.192700003273785,48.51860000053421
0.5,4,0.75,16,warm,10,32.20677000354044,3.376053086847408,31.361350003862754,37.80095500405878,37.90899103041738,29.171900008805096,37.936000037007034
0.25,32,0.5,8,first,10,38.15501999924891,8.662989424726913,34.215300023788586,52.5423849816434,54.614796962123364,29.700899962335825,55.13289995724335
0.25,32,0.5,8,warm,10,34.441400005016476,4.334703017068236,34.224950039060786,41.29040501720737,42.812161016627215,29.741999984253198,43.192600016482174
0.5,16,0.5,4,first,10,36.154880007961765,3.6863333952035298,36.32574999937788,41.193249984644346,42.73512999061495,29.167099972255528,43.1205999921076
0.5,16,0.5,4,warm,10,34.869010001420975,5.15544791832018,33.62694996758364,42.091589979827404,43.17007797770202,26.71210002154112,43.439699977170676
1.0,16,0.75,4,first,10,34.60359999444336,4.624310021899516,34.014100005151704,41.90400498919188,44.81752100400627,28.947199985850602,45.54590000770986
1.0,16,0.75,4,warm,10,32.92160998680629,2.388936334286759,32.49404998496175,36.874709991388954,37.77766197279561,30.117099988274276,38.00339996814728
0.5,8,0.25,8,first,10,34.575150010641664,6.784722725419124,31.5233500150498,46.443670018925324,49.510654007899575,27.727699954994023,50.277400005143136
0.5,8,0.25,8,warm,10,34.53286999138072,4.960851913661061,33.0647999944631,42.625114994007156,44.42342300375458,29.171700007282197,44.87300000619143
1.0,8,0.75,16,first,10,34.9402200023178,4.610636147306416,34.109449974494055,41.886605008039616,44.04988100985065,29.58900004159659,44.59070001030341
1.0,8,0.75,16,warm,10,38.39131999993697,6.870393642546475,37.68994999700226,49.312725005438544,51.89014501753263,30.284799984656274,52.53450002055615
1.0,16,0.25,8,first,10,36.22348000644706,4.591542874796002,36.147600039839745,43.82583496917504,45.32044697145466,30.944099999032915,45.69409997202456
1.0,16,0.25,8,warm,10,34.236720006447285,6.348411860285908,35.08299999521114,43.446984983165734,47.97747696808074,27.281199989374727,49.110099964309484
1.0,8,1.0,32,first,10,13.036529999226332,2.8841963443981697,12.54254998639226,17.70788001012988,18.936776021728292,9.390799968969077,19.244000024627894
1.0,8,1.0,32,warm,10,12.554089992772788,2.385106985005996,12.495749979279935,16.10918000224046,16.898876022314653,9.332999994512647,17.0963000273332
0.25,4,0.25,32,first,10,13.024399999994785,3.0346449898136654,12.186799984192476,18.527344989706762,18.601468988345005,10.480700002517551,18.619999988004565
0.25,4,0.25,32,warm,10,13.136740011395887,4.371512990522198,10.990150010911748,20.39607500191778,20.398414977826178,9.390800027176738,20.398999971803278
1.0,4,0.5,32,first,10,12.07754000206478,1.0068827804959348,11.979200004134327,13.488459991640411,13.549371973494999,10.786700004246086,13.564599968958646
1.0,4,0.5,32,warm,10,12.452170002507046,1.2106505049757827,12.365799979306757,14.138520008418707,14.82050400460139,10.838699992746115,14.99100000364706
0.5,32,0.25,8,first,10,32.959680003114045,3.39049175599141,32.828600000357255,37.29706495651044,37.56069295224734,28.460600005928427,37.62659995118156
0.5,32,0.25,8,warm,10,33.858059998601675,3.3513853497796693,33.14725001109764,39.14648999052587,40.88953799859155,30.50310001708567,41.32530000060797
