width_mult,bit_width,approx_flops,approx_params,flops_per_speed,cpu_pct,mem_available_mb,thermal_c,device_speed_score,cpu_cores,ram_gb,has_cuda,avg_latency_ms,std_latency_ms,max_latency_ms,min_latency_ms
0.25,4,62500.0,6250.0,78.125,15.0,1024.0,45.0,800.0,8.0,16.0,0.0,30.425,3.465,61.05,23.495
0.25,8,62500.0,6250.0,78.125,15.0,1024.0,45.0,800.0,8.0,16.0,0.0,29.379,2.377,45.784,24.625
0.25,16,62500.0,6250.0,78.125,15.0,1024.0,45.0,800.0,8.0,16.0,0.0,29.943,2.545,46.562,24.853
0.25,32,62500.0,6250.0,78.125,15.0,1024.0,45.0,800.0,8.0,16.0,0.0,15.66,0.867,19.091,13.926
0.5,4,250000.0,25000.0,312.5,15.0,1024.0,45.0,800.0,8.0,16.0,0.0,55.772,4.984,80.555,45.804
0.5,8,250000.0,25000.0,312.5,15.0,1024.0,45.0,800.0,8.0,16.0,0.0,54.884,5.522,86.559,43.84
0.5,16,250000.0,25000.0,312.5,15.0,1024.0,45.0,800.0,8.0,16.0,0.0,51.634,3.15,74.734,45.334
0.5,32,250000.0,25000.0,312.5,15.0,1024.0,45.0,800.0,8.0,16.0,0.0,28.429,2.043,43.271,24.342999999999996
0.75,4,562500.0,56250.0,703.125,15.0,1024.0,45.0,800.0,8.0,16.0,0.0,137.991,8.302,175.802,121.38700000000001
0.75,8,562500.0,56250.0,703.125,15.0,1024.0,45.0,800.0,8.0,16.0,0.0,137.509,7.903,164.773,121.70299999999999
0.75,16,562500.0,56250.0,703.125,15.0,1024.0,45.0,800.0,8.0,16.0,0.0,164.328,35.522,277.919,93.284
0.75,32,562500.0,56250.0,703.125,15.0,1024.0,45.0,800.0,8.0,16.0,0.0,51.072,6.067,83.695,38.938
1.0,4,1000000.0,100000.0,1250.0,15.0,1024.0,45.0,800.0,8.0,16.0,0.0,218.042,25.776,412.946,166.49
1.0,8,1000000.0,100000.0,1250.0,15.0,1024.0,45.0,800.0,8.0,16.0,0.0,217.895,11.845,265.791,194.205
1.0,16,1000000.0,100000.0,1250.0,15.0,1024.0,45.0,800.0,8.0,16.0,0.0,225.162,13.931,283.937,197.3
1.0,32,1000000.0,100000.0,1250.0,15.0,1024.0,45.0,800.0,8.0,16.0,0.0,55.988,3.47,85.882,49.048
