width_mult,bit_width,avg_latency_ms,std_latency_ms,max_latency_ms,min_latency_ms
0.25,4,25.638,1.694,37.514,21.0
0.25,8,25.361,0.743,28.506,23.0
0.25,16,25.253,1.442,37.711,21.0
0.25,32,9.787,0.397,12.155,8.5
0.5,4,27.975,1.642,42.863,22.0
0.5,8,25.303,0.761,29.247,23.0
0.5,16,25.910,1.627,36.849,21.0
0.5,32,10.774,0.434,12.963,9.5
0.75,4,27.974,1.978,47.109,21.0
0.75,8,25.201,0.849,29.139,22.5
0.75,16,25.917,1.635,42.208,21.0
0.75,32,10.734,0.421,13.315,9.5
1.0,4,26.895,1.216,36.245,23.0
1.0,8,26.655,0.595,29.659,24.0
1.0,16,26.730,1.324,40.539,23.0
1.0,32,9.500,0.355,11.710,8.5
