width_mult,bit_width,total,correct,accuracy_percent,wilson_95_lower_percent,wilson_95_upper_percent,per_class_accuracy_percent_json
0.25,4,10000,8954,89.54,88.92491758618841,90.12471582265846,"{""airplane"": 89.9, ""automobile"": 95.5, ""bird"": 87.1, ""cat"": 79.6, ""deer"": 88.4, ""dog"": 80.5, ""frog"": 92.6, ""horse"": 93.2, ""ship"": 93.8, ""truck"": 94.8}"
0.25,8,10000,9049,90.49,89.89939074166134,91.04951307028128,"{""airplane"": 92.6, ""automobile"": 94.0, ""bird"": 88.0, ""cat"": 76.8, ""deer"": 90.6, ""dog"": 86.9, ""frog"": 94.2, ""horse"": 91.4, ""ship"": 95.0, ""truck"": 95.4}"
0.25,16,10000,9058,90.58,89.99179648441304,91.13703820782284,"{""airplane"": 93.0, ""automobile"": 93.8, ""bird"": 88.2, ""cat"": 76.8, ""deer"": 90.9, ""dog"": 87.2, ""frog"": 94.1, ""horse"": 91.5, ""ship"": 95.0, ""truck"": 95.3}"
0.25,32,10000,9056,90.56,89.97126050823204,91.11758954393866,"{""airplane"": 92.8, ""automobile"": 94.0, ""bird"": 87.9, ""cat"": 76.6, ""deer"": 90.6, ""dog"": 87.2, ""frog"": 94.3, ""horse"": 91.7, ""ship"": 95.0, ""truck"": 95.5}"
0.5,4,10000,9011,90.11,89.5094039014683,90.67979174923602,"{""airplane"": 90.5, ""automobile"": 96.1, ""bird"": 87.1, ""cat"": 80.4, ""deer"": 88.9, ""dog"": 82.9, ""frog"": 93.9, ""horse"": 92.9, ""ship"": 94.3, ""truck"": 94.1}"
0.5,8,10000,9173,91.73,91.17401216863085,92.25393932735247,"{""airplane"": 93.9, ""automobile"": 96.7, ""bird"": 88.6, ""cat"": 82.0, ""deer"": 92.3, ""dog"": 85.7, ""frog"": 94.0, ""horse"": 93.7, ""ship"": 95.7, ""truck"": 94.7}"
0.5,16,10000,9179,91.79,91.23577326466351,92.31213215151534,"{""airplane"": 94.0, ""automobile"": 96.5, ""bird"": 88.9, ""cat"": 81.6, ""deer"": 92.5, ""dog"": 85.9, ""frog"": 94.1, ""horse"": 93.7, ""ship"": 95.9, ""truck"": 94.8}"
0.5,32,10000,9182,91.82,91.26665699883641,92.34122537744021,"{""airplane"": 93.9, ""automobile"": 96.7, ""bird"": 89.0, ""cat"": 81.6, ""deer"": 92.6, ""dog"": 85.9, ""frog"": 94.1, ""horse"": 93.7, ""ship"": 96.0, ""truck"": 94.7}"
0.75,4,10000,9057,90.57,89.98152839833247,91.1273139738708,"{""airplane"": 91.8, ""automobile"": 96.2, ""bird"": 87.2, ""cat"": 83.2, ""deer"": 87.0, ""dog"": 83.9, ""frog"": 93.7, ""horse"": 94.4, ""ship"": 94.5, ""truck"": 93.8}"
0.75,8,10000,9218,92.18,91.6374317409483,92.6901741565014,"{""airplane"": 94.2, ""automobile"": 97.2, ""bird"": 88.2, ""cat"": 82.3, ""deer"": 92.7, ""dog"": 86.7, ""frog"": 94.7, ""horse"": 94.4, ""ship"": 96.2, ""truck"": 95.2}"
0.75,16,10000,9218,92.18,91.6374317409483,92.6901741565014,"{""airplane"": 94.3, ""automobile"": 97.0, ""bird"": 88.2, ""cat"": 82.3, ""deer"": 92.7, ""dog"": 86.6, ""frog"": 94.9, ""horse"": 94.3, ""ship"": 96.2, ""truck"": 95.3}"
0.75,32,10000,9217,92.17,91.62712811378073,92.68048546363639,"{""airplane"": 94.3, ""automobile"": 96.9, ""bird"": 88.3, ""cat"": 82.4, ""deer"": 92.8, ""dog"": 86.6, ""frog"": 94.9, ""horse"": 94.2, ""ship"": 96.1, ""truck"": 95.2}"
1.0,4,10000,8989,89.89,89.28374431783186,90.46562029215556,"{""airplane"": 90.9, ""automobile"": 96.4, ""bird"": 87.4, ""cat"": 79.9, ""deer"": 81.1, ""dog"": 85.2, ""frog"": 94.3, ""horse"": 96.5, ""ship"": 95.3, ""truck"": 91.9}"
1.0,8,10000,9226,92.26,91.71986989189833,92.76767456581207,"{""airplane"": 94.6, ""automobile"": 97.2, ""bird"": 88.7, ""cat"": 82.6, ""deer"": 92.5, ""dog"": 87.6, ""frog"": 94.6, ""horse"": 94.1, ""ship"": 95.9, ""truck"": 94.8}"
1.0,16,10000,9240,92.4,91.86417626283541,92.9032606753312,"{""airplane"": 94.3, ""automobile"": 97.3, ""bird"": 89.0, ""cat"": 83.7, ""deer"": 93.0, ""dog"": 87.3, ""frog"": 94.6, ""horse"": 94.0, ""ship"": 95.9, ""truck"": 94.9}"
1.0,32,10000,9231,92.31,91.77140205011987,92.81610400775348,"{""airplane"": 94.3, ""automobile"": 97.2, ""bird"": 88.9, ""cat"": 83.0, ""deer"": 93.0, ""dog"": 87.3, ""frog"": 94.5, ""horse"": 94.0, ""ship"": 95.9, ""truck"": 95.0}"
